时间,上海市,云南省,内蒙古自治区,北京市,台湾省,吉林省,四川省,天津市,宁夏回族自治区,安徽省,山东省,山西省,广东省,广西壮族自治区,新疆维吾尔自治区,江苏省,江西省,河北省,河南省,浙江省,海南省,湖北省,湖南省,澳门特别行政区,甘肃省,福建省,西藏自治区,贵州省,辽宁省,重庆市,陕西省,青海省,香港特别行政区,黑龙江省
2022-01-01,143.0,137.0,122.0,189.0,,124.0,165.0,60.0,,157.0,177.0,215.0,222.0,104.0,114.0,254.0,137.0,105.0,199.0,209.0,65.0,163.0,158.0,,66.0,155.0,,136.0,135.0,139.0,176.0,57.0,,143.0
2022-01-02,203.0,99.0,135.0,167.0,,144.0,174.0,139.0,65.0,171.0,229.0,221.0,254.0,100.0,120.0,278.0,156.0,179.0,225.0,215.0,118.0,183.0,187.0,,80.0,173.0,,171.0,144.0,154.0,219.0,60.0,,145.0
2022-01-03,203.0,146.0,67.0,201.0,,126.0,193.0,135.0,58.0,182.0,262.0,244.0,296.0,190.0,70.0,317.0,184.0,206.0,240.0,265.0,128.0,186.0,214.0,,137.0,211.0,57.0,155.0,170.0,187.0,184.0,,,145.0
2022-01-04,187.0,152.0,139.0,207.0,,142.0,189.0,121.0,69.0,169.0,268.0,179.0,261.0,168.0,128.0,285.0,169.0,173.0,207.0,219.0,69.0,200.0,211.0,,159.0,170.0,,133.0,151.0,160.0,252.0,59.0,,147.0
2022-01-05,175.0,169.0,132.0,226.0,,67.0,193.0,127.0,116.0,169.0,283.0,187.0,248.0,163.0,126.0,301.0,193.0,188.0,230.0,206.0,118.0,173.0,196.0,,144.0,174.0,,145.0,148.0,159.0,240.0,58.0,,86.0
2022-01-06,181.0,102.0,138.0,194.0,,131.0,189.0,125.0,57.0,178.0,219.0,156.0,277.0,142.0,67.0,251.0,191.0,193.0,190.0,201.0,121.0,182.0,182.0,,108.0,169.0,57.0,164.0,144.0,168.0,189.0,57.0,,138.0
2022-01-07,174.0,89.0,130.0,204.0,,143.0,191.0,133.0,61.0,151.0,190.0,175.0,218.0,157.0,130.0,203.0,150.0,198.0,200.0,224.0,115.0,180.0,166.0,,143.0,159.0,57.0,138.0,79.0,161.0,202.0,,57.0,143.0
2022-01-08,167.0,78.0,70.0,177.0,,70.0,185.0,120.0,66.0,157.0,208.0,191.0,240.0,142.0,126.0,276.0,162.0,170.0,193.0,239.0,65.0,161.0,181.0,,127.0,148.0,,144.0,148.0,165.0,214.0,58.0,,96.0
2022-01-09,193.0,133.0,73.0,180.0,,67.0,192.0,67.0,118.0,215.0,216.0,208.0,257.0,140.0,122.0,268.0,174.0,182.0,213.0,246.0,61.0,197.0,167.0,,126.0,175.0,,95.0,165.0,148.0,198.0,58.0,,67.0
2022-01-10,171.0,133.0,129.0,216.0,,137.0,191.0,66.0,58.0,169.0,217.0,148.0,253.0,152.0,67.0,266.0,207.0,178.0,199.0,189.0,65.0,177.0,152.0,57.0,78.0,134.0,57.0,139.0,154.0,146.0,215.0,59.0,,146.0
2022-01-11,178.0,140.0,124.0,191.0,,124.0,176.0,124.0,58.0,166.0,221.0,148.0,222.0,153.0,120.0,246.0,186.0,164.0,225.0,195.0,57.0,176.0,158.0,,66.0,175.0,,150.0,153.0,141.0,235.0,57.0,,139.0
2022-01-12,205.0,134.0,127.0,180.0,,140.0,184.0,121.0,63.0,154.0,208.0,147.0,204.0,156.0,126.0,244.0,184.0,197.0,184.0,217.0,117.0,176.0,166.0,61.0,73.0,159.0,58.0,153.0,140.0,135.0,201.0,57.0,114.0,142.0
2022-01-13,196.0,132.0,123.0,227.0,,144.0,166.0,125.0,60.0,165.0,209.0,153.0,219.0,147.0,61.0,222.0,174.0,192.0,242.0,219.0,124.0,168.0,171.0,57.0,70.0,162.0,57.0,135.0,143.0,150.0,193.0,63.0,,145.0
2022-01-14,175.0,137.0,124.0,218.0,,63.0,177.0,124.0,58.0,155.0,262.0,145.0,245.0,146.0,131.0,197.0,139.0,208.0,204.0,184.0,119.0,176.0,176.0,,131.0,138.0,57.0,142.0,145.0,130.0,200.0,,,141.0
2022-01-15,167.0,76.0,120.0,193.0,,84.0,185.0,127.0,60.0,178.0,193.0,80.0,224.0,153.0,117.0,221.0,153.0,189.0,200.0,230.0,57.0,148.0,373.0,,128.0,139.0,,79.0,149.0,146.0,164.0,,,137.0
2022-01-16,165.0,126.0,73.0,204.0,,143.0,154.0,130.0,58.0,156.0,217.0,148.0,242.0,155.0,63.0,234.0,121.0,210.0,192.0,199.0,126.0,143.0,386.0,,122.0,133.0,60.0,130.0,141.0,163.0,166.0,57.0,,126.0
2022-01-17,186.0,131.0,132.0,187.0,,126.0,191.0,126.0,114.0,157.0,246.0,149.0,214.0,146.0,118.0,222.0,194.0,162.0,334.0,208.0,124.0,163.0,620.0,,117.0,156.0,57.0,71.0,138.0,145.0,168.0,,,143.0
2022-01-18,169.0,74.0,71.0,197.0,,137.0,182.0,66.0,120.0,165.0,212.0,150.0,231.0,140.0,130.0,223.0,139.0,180.0,185.0,229.0,61.0,150.0,351.0,57.0,126.0,146.0,,135.0,148.0,139.0,188.0,71.0,,132.0
2022-01-19,172.0,126.0,140.0,219.0,,133.0,191.0,143.0,58.0,156.0,224.0,141.0,237.0,128.0,63.0,210.0,163.0,217.0,221.0,269.0,119.0,153.0,291.0,,117.0,160.0,57.0,134.0,155.0,142.0,182.0,70.0,,136.0
2022-01-20,156.0,133.0,131.0,195.0,,138.0,182.0,139.0,59.0,152.0,217.0,155.0,231.0,141.0,135.0,202.0,181.0,193.0,251.0,229.0,63.0,155.0,294.0,,128.0,142.0,,137.0,138.0,146.0,163.0,60.0,58.0,138.0
2022-01-21,152.0,148.0,130.0,201.0,,67.0,153.0,73.0,65.0,84.0,222.0,156.0,219.0,139.0,119.0,211.0,144.0,177.0,189.0,200.0,115.0,161.0,248.0,,129.0,173.0,,135.0,137.0,134.0,143.0,58.0,114.0,124.0
2022-01-22,144.0,140.0,122.0,158.0,,80.0,172.0,123.0,57.0,152.0,204.0,141.0,205.0,91.0,57.0,204.0,152.0,198.0,184.0,200.0,57.0,152.0,301.0,,131.0,166.0,60.0,76.0,138.0,148.0,78.0,61.0,59.0,139.0
2022-01-23,161.0,130.0,125.0,225.0,,130.0,155.0,136.0,57.0,154.0,224.0,143.0,215.0,145.0,114.0,233.0,141.0,211.0,201.0,197.0,117.0,147.0,486.0,,126.0,140.0,,124.0,73.0,145.0,135.0,,,78.0
2022-01-24,163.0,142.0,135.0,182.0,,67.0,178.0,148.0,65.0,154.0,215.0,164.0,248.0,151.0,120.0,198.0,154.0,196.0,249.0,178.0,119.0,148.0,309.0,114.0,130.0,163.0,61.0,123.0,143.0,151.0,143.0,60.0,117.0,136.0
2022-01-25,162.0,148.0,130.0,198.0,,71.0,198.0,141.0,57.0,145.0,223.0,156.0,242.0,140.0,122.0,208.0,141.0,168.0,185.0,218.0,120.0,163.0,233.0,,133.0,148.0,61.0,135.0,139.0,155.0,147.0,115.0,57.0,133.0
2022-01-26,158.0,124.0,131.0,190.0,,83.0,174.0,129.0,63.0,150.0,217.0,146.0,213.0,147.0,129.0,215.0,154.0,176.0,172.0,195.0,60.0,169.0,219.0,,61.0,87.0,114.0,70.0,148.0,153.0,143.0,57.0,,137.0
2022-01-27,144.0,127.0,128.0,169.0,,127.0,169.0,127.0,58.0,151.0,215.0,136.0,218.0,137.0,118.0,182.0,89.0,181.0,193.0,219.0,60.0,165.0,209.0,,128.0,154.0,,60.0,139.0,138.0,135.0,,,73.0
2022-01-28,153.0,128.0,69.0,210.0,,65.0,169.0,126.0,,140.0,190.0,144.0,223.0,84.0,120.0,193.0,131.0,170.0,164.0,194.0,70.0,142.0,202.0,,61.0,134.0,60.0,63.0,148.0,120.0,145.0,57.0,57.0,125.0
2022-01-29,158.0,128.0,117.0,147.0,,67.0,165.0,129.0,58.0,148.0,215.0,137.0,223.0,74.0,58.0,161.0,136.0,154.0,155.0,188.0,66.0,150.0,163.0,,122.0,76.0,,60.0,154.0,135.0,130.0,58.0,59.0,70.0
2022-01-30,150.0,123.0,123.0,158.0,,67.0,159.0,76.0,57.0,136.0,211.0,143.0,211.0,79.0,66.0,172.0,145.0,96.0,174.0,208.0,69.0,161.0,168.0,,66.0,127.0,,133.0,80.0,84.0,132.0,60.0,114.0,129.0
2022-01-31,76.0,69.0,128.0,150.0,,66.0,156.0,63.0,58.0,74.0,180.0,135.0,201.0,131.0,61.0,174.0,78.0,157.0,148.0,148.0,61.0,138.0,121.0,,,131.0,,67.0,78.0,78.0,71.0,57.0,,66.0
2022-02-01,129.0,65.0,67.0,155.0,,61.0,109.0,122.0,58.0,102.0,195.0,83.0,204.0,131.0,61.0,166.0,76.0,146.0,154.0,170.0,61.0,155.0,158.0,,65.0,145.0,,66.0,82.0,79.0,139.0,57.0,,66.0
2022-02-02,148.0,65.0,69.0,158.0,,66.0,95.0,123.0,,152.0,197.0,82.0,180.0,80.0,58.0,189.0,99.0,96.0,91.0,167.0,66.0,143.0,178.0,,123.0,82.0,,73.0,131.0,70.0,126.0,57.0,57.0,130.0
2022-02-03,147.0,137.0,60.0,168.0,,57.0,106.0,137.0,57.0,150.0,177.0,133.0,196.0,129.0,65.0,213.0,84.0,104.0,156.0,193.0,124.0,143.0,202.0,,127.0,133.0,,128.0,146.0,140.0,153.0,,,117.0
2022-02-04,148.0,61.0,67.0,150.0,,67.0,180.0,67.0,57.0,97.0,228.0,128.0,212.0,139.0,60.0,194.0,91.0,153.0,172.0,181.0,61.0,141.0,176.0,,66.0,73.0,,76.0,137.0,138.0,137.0,,,139.0
2022-02-05,163.0,127.0,117.0,180.0,,120.0,186.0,126.0,58.0,165.0,199.0,135.0,229.0,74.0,117.0,189.0,150.0,160.0,176.0,187.0,60.0,165.0,228.0,,67.0,141.0,,70.0,87.0,126.0,132.0,58.0,,124.0
2022-02-06,137.0,73.0,78.0,180.0,,124.0,192.0,135.0,,156.0,205.0,158.0,232.0,133.0,117.0,215.0,139.0,155.0,191.0,183.0,71.0,169.0,216.0,,119.0,167.0,57.0,127.0,139.0,149.0,84.0,61.0,,129.0
2022-02-07,189.0,145.0,135.0,222.0,,130.0,172.0,124.0,,137.0,231.0,141.0,260.0,137.0,127.0,209.0,141.0,168.0,178.0,205.0,114.0,157.0,260.0,,133.0,171.0,,76.0,153.0,139.0,157.0,59.0,60.0,137.0
2022-02-08,193.0,132.0,132.0,208.0,,127.0,193.0,139.0,117.0,153.0,230.0,130.0,270.0,127.0,124.0,202.0,135.0,195.0,204.0,223.0,118.0,148.0,255.0,,143.0,163.0,121.0,128.0,150.0,132.0,150.0,60.0,60.0,84.0
2022-02-09,161.0,132.0,134.0,224.0,,122.0,213.0,132.0,117.0,157.0,233.0,158.0,259.0,133.0,117.0,205.0,133.0,176.0,210.0,274.0,79.0,150.0,300.0,,141.0,170.0,57.0,154.0,145.0,152.0,145.0,61.0,,135.0
2022-02-10,199.0,147.0,142.0,233.0,,73.0,199.0,128.0,116.0,170.0,233.0,166.0,326.0,134.0,124.0,236.0,148.0,182.0,185.0,228.0,129.0,152.0,371.0,,139.0,195.0,,137.0,161.0,161.0,152.0,,,131.0
2022-02-11,196.0,148.0,135.0,236.0,,135.0,220.0,135.0,63.0,89.0,225.0,188.0,291.0,145.0,63.0,256.0,142.0,181.0,195.0,234.0,120.0,161.0,301.0,57.0,140.0,196.0,57.0,139.0,165.0,147.0,179.0,,,144.0
2022-02-12,190.0,71.0,136.0,227.0,,125.0,249.0,134.0,61.0,157.0,242.0,189.0,345.0,137.0,120.0,242.0,143.0,181.0,204.0,254.0,69.0,167.0,249.0,,135.0,181.0,,71.0,161.0,147.0,167.0,,,130.0
2022-02-13,228.0,143.0,79.0,183.0,,130.0,190.0,124.0,124.0,173.0,229.0,161.0,370.0,138.0,118.0,223.0,138.0,202.0,205.0,250.0,123.0,170.0,228.0,,74.0,195.0,,74.0,170.0,176.0,178.0,57.0,116.0,132.0
2022-02-14,197.0,143.0,134.0,225.0,,127.0,257.0,135.0,61.0,169.0,289.0,169.0,362.0,140.0,128.0,236.0,156.0,228.0,172.0,289.0,70.0,194.0,214.0,,80.0,206.0,57.0,144.0,159.0,195.0,186.0,114.0,116.0,70.0
2022-02-15,267.0,142.0,137.0,282.0,,83.0,272.0,135.0,120.0,184.0,300.0,193.0,396.0,155.0,126.0,244.0,156.0,211.0,235.0,310.0,136.0,207.0,219.0,,83.0,240.0,,133.0,163.0,164.0,217.0,58.0,57.0,135.0
2022-02-16,192.0,145.0,137.0,232.0,57.0,130.0,249.0,155.0,114.0,152.0,256.0,184.0,425.0,146.0,130.0,274.0,156.0,214.0,213.0,243.0,122.0,197.0,221.0,,137.0,209.0,,138.0,173.0,143.0,159.0,119.0,61.0,70.0
2022-02-17,174.0,156.0,132.0,237.0,,80.0,231.0,142.0,58.0,148.0,250.0,170.0,337.0,154.0,125.0,239.0,139.0,206.0,198.0,190.0,132.0,181.0,194.0,,139.0,168.0,57.0,162.0,170.0,147.0,151.0,58.0,126.0,76.0
2022-02-18,159.0,162.0,131.0,263.0,,141.0,201.0,135.0,65.0,156.0,231.0,182.0,348.0,141.0,66.0,235.0,145.0,204.0,218.0,224.0,124.0,168.0,175.0,,73.0,173.0,,143.0,183.0,143.0,162.0,57.0,57.0,149.0
2022-02-19,185.0,135.0,130.0,228.0,,74.0,235.0,129.0,57.0,143.0,240.0,163.0,335.0,152.0,78.0,260.0,139.0,176.0,197.0,200.0,70.0,157.0,173.0,,131.0,189.0,,140.0,159.0,146.0,155.0,,,73.0
2022-02-20,168.0,150.0,139.0,207.0,,133.0,223.0,79.0,57.0,167.0,226.0,153.0,376.0,154.0,147.0,254.0,137.0,181.0,254.0,240.0,61.0,171.0,109.0,,130.0,176.0,57.0,141.0,96.0,143.0,187.0,58.0,57.0,71.0
2022-02-21,182.0,139.0,147.0,244.0,57.0,79.0,194.0,130.0,60.0,166.0,253.0,163.0,341.0,143.0,133.0,284.0,134.0,166.0,234.0,197.0,115.0,203.0,163.0,57.0,139.0,185.0,,137.0,165.0,177.0,169.0,63.0,,141.0
2022-02-22,214.0,87.0,61.0,245.0,,82.0,184.0,126.0,,190.0,234.0,161.0,315.0,141.0,144.0,274.0,147.0,199.0,228.0,269.0,60.0,213.0,159.0,58.0,139.0,167.0,,151.0,165.0,206.0,149.0,124.0,,139.0
2022-02-23,210.0,168.0,141.0,203.0,,122.0,223.0,152.0,124.0,157.0,265.0,159.0,291.0,135.0,170.0,254.0,159.0,211.0,209.0,248.0,117.0,234.0,181.0,,130.0,198.0,,130.0,158.0,186.0,157.0,60.0,59.0,148.0
2022-02-24,178.0,145.0,127.0,225.0,,130.0,186.0,133.0,61.0,167.0,238.0,146.0,328.0,133.0,135.0,253.0,165.0,151.0,235.0,203.0,70.0,202.0,154.0,57.0,73.0,163.0,59.0,76.0,167.0,143.0,133.0,58.0,,124.0
2022-02-25,196.0,137.0,123.0,201.0,,130.0,216.0,125.0,58.0,144.0,248.0,159.0,292.0,139.0,135.0,237.0,145.0,182.0,231.0,243.0,57.0,148.0,154.0,116.0,138.0,152.0,57.0,131.0,157.0,168.0,150.0,63.0,117.0,139.0
2022-02-26,192.0,163.0,139.0,167.0,,139.0,208.0,138.0,,163.0,246.0,159.0,261.0,138.0,145.0,220.0,142.0,189.0,168.0,238.0,124.0,155.0,160.0,,135.0,142.0,60.0,71.0,160.0,153.0,143.0,67.0,,124.0
2022-02-27,181.0,142.0,73.0,203.0,,137.0,199.0,66.0,58.0,153.0,295.0,148.0,323.0,141.0,137.0,227.0,163.0,179.0,190.0,225.0,66.0,181.0,163.0,114.0,150.0,173.0,,145.0,167.0,159.0,178.0,65.0,57.0,82.0
2022-02-28,190.0,170.0,145.0,218.0,,93.0,236.0,122.0,60.0,166.0,267.0,181.0,306.0,141.0,166.0,201.0,173.0,200.0,213.0,246.0,125.0,203.0,154.0,66.0,133.0,169.0,114.0,150.0,169.0,174.0,154.0,57.0,114.0,145.0
2022-03-01,223.0,156.0,159.0,283.0,,133.0,201.0,137.0,129.0,191.0,251.0,182.0,311.0,169.0,150.0,240.0,176.0,192.0,192.0,250.0,126.0,211.0,182.0,,150.0,189.0,,143.0,174.0,182.0,154.0,,118.0,141.0
2022-03-02,208.0,163.0,154.0,235.0,,140.0,212.0,136.0,117.0,181.0,267.0,181.0,341.0,161.0,155.0,232.0,161.0,167.0,222.0,247.0,117.0,182.0,179.0,70.0,137.0,176.0,,143.0,172.0,175.0,203.0,118.0,59.0,147.0
2022-03-03,180.0,161.0,150.0,219.0,,146.0,261.0,140.0,59.0,169.0,248.0,189.0,314.0,153.0,146.0,215.0,163.0,191.0,235.0,223.0,128.0,186.0,187.0,61.0,135.0,188.0,,139.0,167.0,170.0,161.0,,,143.0
2022-03-04,221.0,169.0,143.0,238.0,,122.0,252.0,128.0,121.0,177.0,245.0,170.0,280.0,145.0,143.0,234.0,151.0,165.0,235.0,249.0,126.0,173.0,182.0,,141.0,180.0,57.0,149.0,149.0,180.0,166.0,115.0,57.0,139.0
2022-03-05,215.0,154.0,76.0,181.0,,130.0,221.0,65.0,128.0,162.0,230.0,154.0,268.0,140.0,122.0,202.0,142.0,187.0,183.0,233.0,118.0,184.0,207.0,,131.0,156.0,,80.0,161.0,171.0,155.0,,57.0,137.0
2022-03-06,224.0,150.0,148.0,214.0,,126.0,209.0,130.0,69.0,175.0,245.0,165.0,262.0,148.0,127.0,193.0,207.0,172.0,214.0,246.0,61.0,185.0,166.0,58.0,125.0,185.0,,129.0,163.0,141.0,163.0,61.0,57.0,80.0
2022-03-07,197.0,139.0,169.0,257.0,,139.0,240.0,127.0,117.0,156.0,236.0,176.0,301.0,158.0,141.0,264.0,163.0,215.0,257.0,246.0,123.0,177.0,214.0,59.0,129.0,191.0,57.0,108.0,175.0,170.0,143.0,120.0,,155.0
2022-03-08,189.0,164.0,152.0,255.0,,154.0,240.0,144.0,130.0,183.0,239.0,166.0,300.0,180.0,137.0,236.0,163.0,238.0,246.0,230.0,122.0,193.0,180.0,131.0,133.0,169.0,,153.0,166.0,143.0,170.0,,,145.0
2022-03-09,228.0,152.0,167.0,263.0,,145.0,233.0,128.0,66.0,159.0,250.0,179.0,301.0,155.0,135.0,246.0,173.0,197.0,249.0,257.0,123.0,214.0,186.0,,136.0,150.0,,148.0,200.0,135.0,164.0,120.0,,147.0
2022-03-10,185.0,167.0,162.0,252.0,,139.0,217.0,137.0,129.0,156.0,236.0,162.0,280.0,146.0,135.0,210.0,161.0,233.0,242.0,195.0,123.0,190.0,214.0,,136.0,158.0,,151.0,184.0,161.0,179.0,57.0,114.0,144.0
2022-03-11,154.0,177.0,168.0,221.0,,128.0,209.0,69.0,61.0,158.0,244.0,150.0,300.0,165.0,141.0,190.0,165.0,197.0,266.0,226.0,120.0,166.0,185.0,,135.0,164.0,122.0,143.0,178.0,165.0,147.0,116.0,,148.0
2022-03-12,178.0,156.0,154.0,195.0,,128.0,209.0,73.0,130.0,165.0,213.0,161.0,265.0,154.0,127.0,225.0,146.0,216.0,233.0,226.0,70.0,174.0,193.0,,137.0,178.0,,153.0,182.0,163.0,142.0,58.0,117.0,80.0
2022-03-13,215.0,161.0,89.0,197.0,,134.0,228.0,137.0,82.0,175.0,230.0,156.0,304.0,140.0,132.0,200.0,163.0,178.0,213.0,238.0,132.0,187.0,169.0,,79.0,178.0,57.0,165.0,182.0,157.0,158.0,60.0,57.0,130.0
2022-03-14,198.0,139.0,139.0,232.0,,134.0,234.0,126.0,61.0,148.0,278.0,149.0,262.0,152.0,160.0,219.0,177.0,172.0,244.0,217.0,131.0,236.0,178.0,,137.0,168.0,,188.0,181.0,167.0,151.0,61.0,59.0,147.0
2022-03-15,197.0,161.0,134.0,233.0,,142.0,237.0,134.0,120.0,194.0,215.0,145.0,291.0,147.0,137.0,250.0,173.0,177.0,214.0,248.0,61.0,204.0,170.0,,139.0,164.0,,110.0,99.0,146.0,155.0,57.0,57.0,137.0
2022-03-16,209.0,139.0,173.0,237.0,,136.0,206.0,143.0,117.0,165.0,249.0,176.0,302.0,159.0,128.0,237.0,160.0,171.0,210.0,219.0,69.0,204.0,186.0,57.0,150.0,157.0,,186.0,189.0,165.0,174.0,120.0,59.0,141.0
2022-03-17,161.0,156.0,89.0,244.0,,155.0,210.0,138.0,57.0,165.0,256.0,159.0,297.0,146.0,150.0,236.0,138.0,174.0,236.0,266.0,125.0,196.0,191.0,57.0,137.0,156.0,116.0,142.0,173.0,175.0,161.0,119.0,,154.0
2022-03-18,169.0,142.0,155.0,252.0,,153.0,212.0,143.0,131.0,162.0,259.0,178.0,275.0,164.0,125.0,238.0,156.0,192.0,227.0,215.0,122.0,194.0,183.0,58.0,65.0,163.0,58.0,139.0,178.0,184.0,189.0,126.0,57.0,158.0
2022-03-19,192.0,147.0,141.0,186.0,,143.0,209.0,141.0,63.0,153.0,214.0,163.0,317.0,168.0,126.0,210.0,150.0,194.0,243.0,232.0,115.0,167.0,174.0,,127.0,147.0,60.0,156.0,163.0,163.0,206.0,60.0,57.0,74.0
2022-03-20,191.0,168.0,210.0,187.0,,126.0,208.0,130.0,71.0,172.0,248.0,173.0,304.0,144.0,148.0,236.0,154.0,203.0,228.0,255.0,70.0,209.0,191.0,,145.0,152.0,57.0,170.0,156.0,169.0,170.0,63.0,57.0,148.0
2022-03-21,214.0,152.0,158.0,251.0,,135.0,232.0,134.0,60.0,174.0,237.0,153.0,300.0,162.0,160.0,255.0,158.0,173.0,223.0,274.0,71.0,221.0,196.0,57.0,146.0,170.0,57.0,161.0,207.0,151.0,171.0,133.0,59.0,156.0
2022-03-22,199.0,141.0,145.0,251.0,,137.0,216.0,144.0,127.0,152.0,281.0,178.0,295.0,146.0,171.0,275.0,142.0,209.0,210.0,240.0,74.0,186.0,170.0,,160.0,174.0,116.0,141.0,171.0,176.0,176.0,60.0,59.0,145.0
2022-03-23,199.0,154.0,158.0,239.0,,132.0,235.0,139.0,126.0,159.0,278.0,198.0,291.0,170.0,143.0,256.0,137.0,193.0,200.0,238.0,127.0,198.0,185.0,,128.0,175.0,58.0,169.0,182.0,177.0,176.0,118.0,,143.0
2022-03-24,191.0,141.0,146.0,248.0,,135.0,245.0,139.0,67.0,162.0,294.0,167.0,282.0,160.0,164.0,248.0,142.0,185.0,252.0,259.0,124.0,176.0,218.0,,137.0,173.0,58.0,154.0,161.0,182.0,171.0,122.0,,150.0
2022-03-25,211.0,135.0,139.0,225.0,,70.0,222.0,132.0,70.0,155.0,273.0,171.0,276.0,183.0,155.0,232.0,156.0,177.0,207.0,236.0,66.0,184.0,197.0,,158.0,172.0,57.0,152.0,156.0,158.0,143.0,61.0,,153.0
2022-03-26,191.0,87.0,146.0,192.0,,132.0,200.0,122.0,58.0,156.0,250.0,143.0,298.0,154.0,126.0,234.0,165.0,169.0,199.0,240.0,134.0,196.0,182.0,57.0,142.0,150.0,57.0,145.0,166.0,163.0,155.0,124.0,,135.0
2022-03-27,185.0,176.0,154.0,216.0,,139.0,198.0,146.0,121.0,161.0,235.0,151.0,273.0,151.0,69.0,226.0,153.0,186.0,225.0,248.0,61.0,212.0,115.0,,150.0,176.0,57.0,148.0,100.0,160.0,158.0,63.0,114.0,152.0
2022-03-28,182.0,155.0,146.0,272.0,,135.0,218.0,160.0,65.0,183.0,266.0,195.0,288.0,160.0,128.0,231.0,163.0,196.0,246.0,226.0,123.0,197.0,180.0,,128.0,156.0,,161.0,166.0,160.0,155.0,57.0,,144.0
2022-03-29,203.0,182.0,147.0,270.0,,144.0,226.0,167.0,63.0,174.0,303.0,171.0,307.0,159.0,129.0,251.0,82.0,204.0,235.0,275.0,66.0,192.0,191.0,,143.0,161.0,,169.0,183.0,159.0,181.0,115.0,57.0,152.0
2022-03-30,180.0,144.0,160.0,253.0,61.0,137.0,209.0,146.0,130.0,187.0,262.0,166.0,316.0,159.0,140.0,221.0,144.0,179.0,229.0,227.0,122.0,212.0,214.0,,155.0,158.0,,163.0,171.0,178.0,185.0,117.0,,138.0
2022-03-31,178.0,154.0,84.0,286.0,,137.0,225.0,131.0,151.0,186.0,272.0,150.0,298.0,163.0,144.0,256.0,156.0,175.0,210.0,245.0,132.0,198.0,182.0,,71.0,198.0,58.0,157.0,186.0,155.0,197.0,60.0,,165.0
2022-04-01,252.0,135.0,160.0,238.0,,150.0,224.0,155.0,69.0,178.0,280.0,175.0,343.0,156.0,126.0,226.0,157.0,181.0,225.0,243.0,60.0,216.0,189.0,,74.0,226.0,59.0,169.0,172.0,160.0,156.0,,,153.0
2022-04-02,218.0,149.0,130.0,251.0,,131.0,221.0,147.0,65.0,171.0,252.0,146.0,283.0,155.0,69.0,235.0,158.0,171.0,188.0,209.0,69.0,155.0,180.0,,76.0,149.0,57.0,83.0,179.0,157.0,165.0,115.0,57.0,146.0
2022-04-03,218.0,142.0,146.0,197.0,,142.0,197.0,137.0,120.0,160.0,227.0,146.0,263.0,172.0,131.0,201.0,161.0,192.0,213.0,190.0,61.0,188.0,172.0,57.0,138.0,159.0,57.0,79.0,140.0,150.0,143.0,57.0,,135.0
2022-04-04,210.0,174.0,129.0,211.0,,130.0,195.0,133.0,137.0,166.0,223.0,170.0,278.0,149.0,133.0,237.0,167.0,229.0,235.0,208.0,129.0,185.0,173.0,,136.0,168.0,57.0,159.0,147.0,195.0,169.0,114.0,,130.0
2022-04-05,201.0,92.0,187.0,200.0,,78.0,213.0,132.0,122.0,163.0,246.0,188.0,314.0,167.0,135.0,261.0,169.0,215.0,226.0,263.0,123.0,181.0,184.0,,137.0,176.0,114.0,159.0,158.0,190.0,180.0,57.0,,134.0
2022-04-06,191.0,192.0,105.0,206.0,,166.0,247.0,151.0,71.0,173.0,262.0,171.0,320.0,159.0,71.0,264.0,156.0,205.0,210.0,264.0,118.0,210.0,211.0,,156.0,179.0,60.0,160.0,176.0,176.0,167.0,118.0,57.0,137.0
2022-04-07,171.0,163.0,139.0,214.0,,127.0,201.0,131.0,130.0,195.0,255.0,163.0,296.0,188.0,139.0,242.0,159.0,208.0,246.0,236.0,116.0,206.0,214.0,,146.0,174.0,65.0,150.0,183.0,162.0,193.0,57.0,63.0,199.0
2022-04-08,195.0,143.0,141.0,197.0,,86.0,224.0,141.0,63.0,173.0,284.0,174.0,289.0,160.0,132.0,241.0,163.0,180.0,208.0,211.0,120.0,225.0,169.0,,126.0,169.0,57.0,145.0,191.0,156.0,157.0,58.0,,141.0
2022-04-09,176.0,150.0,151.0,212.0,,141.0,219.0,136.0,61.0,195.0,236.0,165.0,263.0,155.0,124.0,233.0,152.0,171.0,192.0,238.0,124.0,171.0,192.0,,79.0,173.0,115.0,153.0,167.0,93.0,174.0,,,144.0
2022-04-10,164.0,144.0,87.0,215.0,,139.0,199.0,78.0,57.0,177.0,250.0,159.0,284.0,162.0,159.0,227.0,171.0,191.0,214.0,218.0,66.0,198.0,194.0,,127.0,164.0,117.0,149.0,169.0,172.0,173.0,,,146.0
2022-04-11,159.0,165.0,148.0,261.0,,155.0,231.0,148.0,115.0,161.0,328.0,162.0,292.0,180.0,135.0,204.0,153.0,231.0,216.0,255.0,115.0,195.0,204.0,,190.0,184.0,,187.0,178.0,148.0,174.0,116.0,,106.0
2022-04-12,217.0,150.0,137.0,273.0,,130.0,239.0,143.0,58.0,198.0,294.0,199.0,335.0,187.0,144.0,234.0,156.0,227.0,239.0,270.0,120.0,202.0,204.0,114.0,158.0,183.0,126.0,168.0,195.0,176.0,182.0,120.0,,145.0
2022-04-13,178.0,155.0,157.0,273.0,,143.0,241.0,145.0,115.0,198.0,318.0,146.0,263.0,178.0,146.0,252.0,168.0,202.0,216.0,389.0,123.0,190.0,196.0,61.0,150.0,182.0,122.0,196.0,183.0,164.0,174.0,117.0,,145.0
2022-04-14,188.0,182.0,161.0,249.0,,89.0,253.0,148.0,63.0,168.0,268.0,165.0,265.0,175.0,142.0,235.0,163.0,188.0,241.0,285.0,117.0,205.0,186.0,123.0,139.0,166.0,67.0,192.0,169.0,156.0,172.0,65.0,,146.0
2022-04-15,188.0,149.0,131.0,209.0,,144.0,240.0,141.0,61.0,160.0,251.0,151.0,279.0,160.0,139.0,203.0,161.0,203.0,195.0,236.0,118.0,183.0,182.0,57.0,133.0,158.0,57.0,102.0,205.0,162.0,151.0,,57.0,146.0
2022-04-16,186.0,148.0,146.0,208.0,,142.0,219.0,143.0,,166.0,241.0,170.0,259.0,141.0,70.0,210.0,172.0,170.0,195.0,234.0,122.0,176.0,178.0,,126.0,172.0,57.0,194.0,187.0,130.0,163.0,61.0,,130.0
2022-04-17,219.0,159.0,139.0,181.0,,84.0,218.0,131.0,118.0,150.0,235.0,172.0,304.0,165.0,128.0,222.0,216.0,185.0,220.0,252.0,126.0,182.0,217.0,,127.0,148.0,114.0,185.0,161.0,148.0,163.0,58.0,117.0,143.0
2022-04-18,191.0,148.0,130.0,257.0,,171.0,252.0,168.0,137.0,180.0,265.0,174.0,283.0,174.0,126.0,232.0,176.0,203.0,212.0,256.0,128.0,197.0,189.0,,80.0,145.0,117.0,198.0,196.0,157.0,166.0,117.0,,139.0
2022-04-19,194.0,165.0,152.0,225.0,,165.0,245.0,143.0,117.0,152.0,259.0,157.0,306.0,171.0,146.0,192.0,177.0,207.0,225.0,242.0,128.0,191.0,185.0,,142.0,167.0,114.0,206.0,170.0,149.0,159.0,63.0,117.0,148.0
2022-04-20,196.0,165.0,163.0,296.0,,195.0,244.0,144.0,60.0,167.0,264.0,191.0,277.0,164.0,130.0,230.0,153.0,221.0,270.0,257.0,131.0,215.0,180.0,117.0,138.0,196.0,58.0,212.0,172.0,170.0,176.0,117.0,57.0,145.0
2022-04-21,181.0,178.0,143.0,259.0,,155.0,228.0,129.0,,178.0,252.0,185.0,276.0,173.0,149.0,261.0,147.0,205.0,223.0,229.0,118.0,209.0,189.0,,135.0,198.0,58.0,228.0,170.0,163.0,155.0,115.0,,78.0
2022-04-22,177.0,139.0,148.0,198.0,,195.0,231.0,152.0,61.0,161.0,250.0,183.0,255.0,182.0,131.0,220.0,146.0,182.0,262.0,213.0,132.0,175.0,182.0,,128.0,187.0,57.0,198.0,193.0,156.0,174.0,115.0,57.0,181.0
2022-04-23,164.0,154.0,148.0,194.0,,147.0,234.0,143.0,60.0,169.0,254.0,171.0,270.0,156.0,138.0,232.0,154.0,169.0,215.0,219.0,63.0,165.0,171.0,,133.0,169.0,,188.0,171.0,136.0,142.0,57.0,,148.0
2022-04-24,179.0,154.0,143.0,234.0,,140.0,241.0,147.0,60.0,172.0,236.0,153.0,284.0,185.0,150.0,218.0,171.0,184.0,201.0,212.0,126.0,187.0,192.0,,122.0,148.0,114.0,192.0,195.0,166.0,156.0,117.0,,160.0
2022-04-25,180.0,159.0,152.0,232.0,,154.0,221.0,134.0,122.0,152.0,262.0,168.0,305.0,187.0,134.0,278.0,157.0,181.0,219.0,236.0,69.0,201.0,227.0,60.0,69.0,142.0,,176.0,161.0,160.0,146.0,115.0,117.0,155.0
2022-04-26,199.0,156.0,151.0,203.0,,142.0,304.0,141.0,61.0,165.0,299.0,173.0,303.0,179.0,135.0,247.0,167.0,221.0,217.0,216.0,66.0,206.0,178.0,57.0,141.0,180.0,,169.0,191.0,187.0,190.0,114.0,,146.0
2022-04-27,230.0,95.0,152.0,212.0,,152.0,216.0,136.0,61.0,178.0,210.0,166.0,297.0,183.0,133.0,252.0,112.0,207.0,219.0,259.0,123.0,192.0,179.0,,70.0,166.0,58.0,163.0,170.0,183.0,166.0,119.0,,140.0
2022-04-28,297.0,154.0,128.0,256.0,,169.0,217.0,130.0,115.0,167.0,254.0,169.0,275.0,172.0,146.0,247.0,156.0,206.0,257.0,212.0,117.0,192.0,233.0,,133.0,193.0,60.0,152.0,185.0,189.0,160.0,115.0,57.0,158.0
2022-04-29,174.0,151.0,146.0,216.0,,159.0,191.0,128.0,61.0,167.0,268.0,144.0,216.0,155.0,126.0,254.0,175.0,185.0,244.0,208.0,60.0,181.0,176.0,,76.0,173.0,58.0,133.0,168.0,169.0,159.0,,115.0,148.0
2022-04-30,167.0,132.0,78.0,174.0,,163.0,187.0,130.0,60.0,196.0,225.0,139.0,250.0,156.0,80.0,252.0,159.0,176.0,226.0,202.0,118.0,168.0,174.0,,70.0,166.0,57.0,139.0,169.0,147.0,158.0,,,158.0
2022-05-01,194.0,152.0,130.0,178.0,,143.0,194.0,146.0,124.0,187.0,259.0,169.0,242.0,145.0,137.0,236.0,169.0,165.0,184.0,212.0,66.0,190.0,175.0,57.0,137.0,152.0,,74.0,141.0,145.0,162.0,114.0,57.0,139.0
2022-05-02,172.0,149.0,127.0,206.0,,132.0,222.0,127.0,61.0,186.0,219.0,198.0,258.0,148.0,73.0,248.0,189.0,189.0,241.0,248.0,70.0,186.0,179.0,116.0,74.0,151.0,61.0,131.0,168.0,143.0,142.0,57.0,59.0,147.0
2022-05-03,197.0,178.0,71.0,215.0,,137.0,186.0,127.0,,186.0,257.0,163.0,274.0,151.0,139.0,264.0,191.0,176.0,226.0,252.0,118.0,171.0,202.0,,80.0,174.0,,84.0,155.0,157.0,143.0,121.0,,170.0
2022-05-04,186.0,154.0,149.0,213.0,57.0,139.0,220.0,141.0,120.0,185.0,253.0,95.0,293.0,148.0,143.0,325.0,197.0,177.0,204.0,279.0,65.0,210.0,193.0,61.0,141.0,187.0,58.0,169.0,190.0,167.0,102.0,60.0,,165.0
2022-05-05,195.0,147.0,150.0,299.0,,135.0,242.0,140.0,128.0,183.0,262.0,154.0,299.0,180.0,135.0,265.0,161.0,213.0,221.0,274.0,135.0,208.0,199.0,116.0,130.0,163.0,114.0,155.0,189.0,187.0,163.0,114.0,59.0,89.0
2022-05-06,184.0,169.0,151.0,311.0,,139.0,225.0,143.0,73.0,169.0,257.0,167.0,295.0,154.0,122.0,212.0,165.0,213.0,209.0,268.0,122.0,191.0,202.0,116.0,150.0,200.0,114.0,174.0,171.0,168.0,156.0,114.0,,152.0
2022-05-07,200.0,171.0,150.0,256.0,57.0,138.0,225.0,139.0,,169.0,252.0,169.0,317.0,148.0,142.0,251.0,157.0,209.0,201.0,266.0,118.0,193.0,182.0,,76.0,178.0,63.0,163.0,184.0,161.0,184.0,60.0,,145.0
2022-05-08,223.0,159.0,73.0,229.0,,142.0,240.0,76.0,119.0,173.0,240.0,169.0,263.0,160.0,137.0,256.0,191.0,194.0,200.0,255.0,61.0,194.0,200.0,,92.0,171.0,,148.0,171.0,185.0,182.0,57.0,59.0,155.0
2022-05-09,178.0,176.0,136.0,281.0,,152.0,242.0,156.0,65.0,178.0,234.0,177.0,310.0,173.0,139.0,251.0,165.0,195.0,233.0,272.0,117.0,196.0,189.0,60.0,153.0,178.0,,148.0,197.0,175.0,183.0,114.0,57.0,137.0
2022-05-10,193.0,171.0,148.0,301.0,,145.0,240.0,147.0,130.0,195.0,264.0,163.0,295.0,163.0,139.0,217.0,196.0,231.0,248.0,256.0,128.0,227.0,210.0,,141.0,166.0,57.0,153.0,209.0,161.0,172.0,57.0,57.0,144.0
2022-05-11,221.0,160.0,156.0,326.0,,143.0,290.0,135.0,63.0,207.0,278.0,175.0,304.0,154.0,143.0,263.0,173.0,226.0,257.0,256.0,117.0,209.0,219.0,57.0,137.0,191.0,,147.0,191.0,179.0,197.0,65.0,58.0,147.0
2022-05-12,215.0,169.0,168.0,287.0,,149.0,256.0,133.0,115.0,179.0,236.0,187.0,300.0,176.0,143.0,271.0,169.0,214.0,244.0,236.0,129.0,224.0,186.0,59.0,150.0,225.0,60.0,167.0,172.0,177.0,189.0,115.0,57.0,157.0
2022-05-13,205.0,166.0,169.0,276.0,,137.0,231.0,139.0,123.0,189.0,261.0,168.0,329.0,168.0,129.0,245.0,161.0,200.0,239.0,251.0,122.0,199.0,183.0,57.0,144.0,194.0,58.0,147.0,184.0,168.0,171.0,119.0,,149.0
2022-05-14,202.0,147.0,155.0,240.0,,141.0,235.0,140.0,58.0,204.0,267.0,200.0,270.0,181.0,136.0,238.0,165.0,231.0,227.0,269.0,123.0,201.0,190.0,,102.0,163.0,,138.0,176.0,173.0,168.0,63.0,114.0,143.0
2022-05-15,181.0,170.0,148.0,206.0,61.0,148.0,250.0,147.0,125.0,227.0,236.0,180.0,318.0,157.0,80.0,292.0,189.0,191.0,235.0,261.0,69.0,237.0,217.0,,92.0,178.0,58.0,152.0,171.0,205.0,152.0,114.0,,135.0
2022-05-16,192.0,163.0,140.0,279.0,,176.0,245.0,138.0,118.0,205.0,277.0,182.0,336.0,201.0,138.0,292.0,173.0,236.0,218.0,229.0,60.0,259.0,233.0,,132.0,200.0,63.0,142.0,179.0,168.0,194.0,120.0,57.0,143.0
2022-05-17,181.0,196.0,139.0,329.0,,152.0,280.0,143.0,114.0,255.0,267.0,198.0,341.0,181.0,145.0,260.0,164.0,217.0,218.0,258.0,61.0,231.0,187.0,57.0,163.0,191.0,63.0,157.0,190.0,176.0,172.0,58.0,61.0,154.0
2022-05-18,165.0,181.0,146.0,316.0,,141.0,238.0,131.0,61.0,221.0,294.0,168.0,313.0,175.0,91.0,295.0,184.0,219.0,239.0,268.0,69.0,233.0,270.0,,143.0,191.0,63.0,148.0,183.0,224.0,185.0,120.0,57.0,146.0
2022-05-19,171.0,164.0,139.0,336.0,,130.0,242.0,142.0,132.0,212.0,281.0,187.0,293.0,211.0,143.0,273.0,173.0,215.0,268.0,257.0,122.0,203.0,230.0,,129.0,159.0,,159.0,198.0,177.0,193.0,,57.0,150.0
2022-05-20,221.0,159.0,139.0,289.0,,136.0,250.0,70.0,61.0,171.0,210.0,163.0,279.0,169.0,139.0,292.0,157.0,228.0,239.0,228.0,67.0,200.0,193.0,,136.0,182.0,119.0,144.0,152.0,157.0,157.0,57.0,57.0,133.0
2022-05-21,165.0,158.0,131.0,245.0,,140.0,238.0,134.0,114.0,180.0,257.0,174.0,291.0,169.0,83.0,286.0,160.0,193.0,233.0,240.0,67.0,209.0,194.0,,137.0,171.0,65.0,152.0,156.0,147.0,165.0,60.0,,146.0
2022-05-22,203.0,162.0,154.0,243.0,59.0,127.0,263.0,138.0,120.0,194.0,279.0,203.0,272.0,169.0,106.0,299.0,171.0,188.0,253.0,255.0,128.0,249.0,215.0,,80.0,217.0,,95.0,178.0,171.0,195.0,57.0,,104.0
2022-05-23,167.0,156.0,156.0,289.0,,144.0,216.0,153.0,60.0,222.0,267.0,196.0,333.0,165.0,143.0,289.0,165.0,248.0,205.0,264.0,118.0,245.0,200.0,,170.0,168.0,115.0,171.0,179.0,160.0,200.0,58.0,57.0,163.0
2022-05-24,172.0,175.0,165.0,264.0,,139.0,257.0,152.0,122.0,189.0,267.0,205.0,344.0,181.0,139.0,284.0,169.0,200.0,233.0,272.0,133.0,239.0,207.0,58.0,139.0,210.0,58.0,155.0,176.0,186.0,163.0,61.0,116.0,157.0
2022-05-25,165.0,189.0,150.0,326.0,,135.0,236.0,146.0,122.0,196.0,276.0,172.0,332.0,192.0,135.0,259.0,156.0,227.0,204.0,299.0,131.0,229.0,180.0,,163.0,193.0,58.0,163.0,184.0,174.0,187.0,65.0,57.0,148.0
2022-05-26,167.0,209.0,161.0,297.0,,143.0,227.0,148.0,129.0,205.0,285.0,177.0,291.0,168.0,141.0,279.0,211.0,208.0,203.0,263.0,139.0,269.0,182.0,57.0,172.0,187.0,57.0,155.0,191.0,180.0,191.0,65.0,,149.0
2022-05-27,172.0,95.0,131.0,254.0,,146.0,210.0,143.0,66.0,161.0,277.0,174.0,293.0,181.0,82.0,294.0,169.0,217.0,242.0,266.0,70.0,189.0,181.0,,135.0,180.0,58.0,159.0,177.0,146.0,165.0,124.0,,158.0
2022-05-28,162.0,108.0,152.0,238.0,,70.0,225.0,135.0,120.0,185.0,248.0,180.0,288.0,153.0,131.0,264.0,122.0,163.0,238.0,279.0,137.0,214.0,199.0,57.0,141.0,191.0,,165.0,160.0,140.0,83.0,60.0,,163.0
2022-05-29,156.0,176.0,157.0,262.0,,80.0,245.0,133.0,119.0,187.0,243.0,182.0,335.0,169.0,140.0,289.0,191.0,173.0,225.0,308.0,126.0,222.0,182.0,,141.0,186.0,65.0,91.0,165.0,159.0,177.0,,57.0,163.0
2022-05-30,163.0,172.0,152.0,335.0,57.0,135.0,285.0,143.0,63.0,182.0,270.0,202.0,309.0,167.0,151.0,250.0,180.0,195.0,207.0,266.0,78.0,204.0,194.0,,156.0,191.0,118.0,158.0,185.0,161.0,185.0,63.0,119.0,157.0
2022-05-31,144.0,148.0,158.0,354.0,,134.0,231.0,142.0,120.0,166.0,271.0,112.0,329.0,169.0,130.0,249.0,163.0,197.0,180.0,251.0,130.0,208.0,174.0,,185.0,198.0,58.0,146.0,163.0,157.0,188.0,116.0,57.0,135.0
2022-06-01,157.0,145.0,139.0,270.0,,143.0,225.0,156.0,114.0,163.0,248.0,184.0,278.0,195.0,148.0,235.0,154.0,187.0,204.0,221.0,122.0,200.0,182.0,,159.0,177.0,120.0,142.0,163.0,159.0,155.0,57.0,,143.0
2022-06-02,153.0,159.0,89.0,249.0,,131.0,228.0,142.0,63.0,159.0,255.0,157.0,276.0,167.0,159.0,242.0,167.0,213.0,187.0,223.0,60.0,219.0,183.0,,168.0,163.0,58.0,140.0,143.0,159.0,152.0,61.0,57.0,156.0
2022-06-03,174.0,143.0,146.0,217.0,,79.0,193.0,138.0,61.0,165.0,272.0,156.0,305.0,159.0,133.0,226.0,154.0,180.0,186.0,231.0,123.0,178.0,174.0,57.0,143.0,168.0,,132.0,151.0,97.0,173.0,57.0,,156.0
2022-06-04,177.0,145.0,141.0,244.0,,137.0,229.0,125.0,58.0,117.0,231.0,165.0,306.0,186.0,133.0,233.0,182.0,181.0,208.0,227.0,126.0,191.0,104.0,,136.0,176.0,58.0,73.0,183.0,71.0,166.0,58.0,,108.0
2022-06-05,190.0,135.0,140.0,222.0,,128.0,235.0,140.0,61.0,188.0,240.0,167.0,322.0,78.0,148.0,265.0,159.0,176.0,189.0,231.0,139.0,198.0,185.0,,143.0,174.0,60.0,156.0,148.0,86.0,161.0,117.0,,118.0
2022-06-06,187.0,195.0,150.0,282.0,,137.0,265.0,145.0,120.0,187.0,274.0,172.0,349.0,189.0,141.0,263.0,174.0,207.0,223.0,304.0,78.0,225.0,203.0,,158.0,222.0,58.0,160.0,166.0,175.0,170.0,,,167.0
2022-06-07,171.0,177.0,143.0,231.0,,79.0,231.0,132.0,127.0,175.0,268.0,180.0,310.0,189.0,141.0,240.0,155.0,214.0,190.0,282.0,128.0,186.0,170.0,,150.0,201.0,118.0,168.0,170.0,170.0,150.0,235.0,57.0,147.0
2022-06-08,177.0,198.0,143.0,303.0,,80.0,252.0,134.0,65.0,178.0,288.0,166.0,315.0,172.0,146.0,242.0,172.0,180.0,195.0,281.0,78.0,223.0,230.0,,146.0,178.0,58.0,171.0,167.0,180.0,188.0,198.0,57.0,130.0
2022-06-09,200.0,185.0,152.0,272.0,,132.0,240.0,146.0,83.0,201.0,227.0,157.0,286.0,168.0,150.0,265.0,160.0,202.0,206.0,249.0,154.0,221.0,221.0,,130.0,171.0,65.0,172.0,186.0,148.0,228.0,171.0,,155.0
2022-06-10,167.0,197.0,140.0,275.0,,127.0,238.0,130.0,130.0,181.0,235.0,175.0,316.0,172.0,127.0,246.0,166.0,189.0,189.0,245.0,74.0,195.0,217.0,57.0,156.0,186.0,61.0,165.0,176.0,156.0,189.0,61.0,,93.0
2022-06-11,153.0,194.0,173.0,260.0,,145.0,232.0,134.0,61.0,192.0,265.0,212.0,401.0,196.0,148.0,231.0,172.0,179.0,218.0,275.0,73.0,197.0,207.0,,161.0,230.0,124.0,169.0,176.0,149.0,191.0,61.0,,146.0
2022-06-12,175.0,175.0,175.0,268.0,,132.0,240.0,131.0,63.0,180.0,243.0,237.0,392.0,224.0,151.0,213.0,144.0,181.0,205.0,210.0,124.0,187.0,211.0,,154.0,184.0,114.0,168.0,155.0,150.0,187.0,65.0,,82.0
2022-06-13,180.0,179.0,102.0,322.0,,131.0,245.0,133.0,63.0,161.0,267.0,174.0,326.0,261.0,86.0,232.0,141.0,187.0,203.0,236.0,74.0,224.0,175.0,57.0,99.0,188.0,61.0,165.0,166.0,144.0,168.0,127.0,57.0,147.0
2022-06-14,164.0,175.0,150.0,290.0,,137.0,229.0,142.0,120.0,165.0,254.0,177.0,275.0,332.0,128.0,242.0,157.0,173.0,200.0,234.0,122.0,193.0,179.0,,145.0,188.0,57.0,160.0,161.0,167.0,179.0,117.0,,146.0
2022-06-15,167.0,147.0,145.0,271.0,,130.0,221.0,124.0,124.0,157.0,245.0,195.0,333.0,339.0,134.0,227.0,157.0,153.0,176.0,217.0,123.0,175.0,166.0,,174.0,203.0,58.0,144.0,145.0,196.0,170.0,119.0,115.0,161.0
2022-06-16,153.0,152.0,154.0,257.0,,133.0,208.0,127.0,119.0,154.0,246.0,196.0,279.0,280.0,124.0,217.0,152.0,186.0,207.0,225.0,126.0,167.0,187.0,,170.0,198.0,120.0,152.0,157.0,178.0,167.0,118.0,57.0,145.0
2022-06-17,152.0,138.0,150.0,259.0,,146.0,212.0,132.0,60.0,154.0,253.0,165.0,227.0,209.0,130.0,234.0,83.0,174.0,180.0,231.0,128.0,174.0,172.0,,128.0,174.0,57.0,149.0,141.0,153.0,176.0,,,150.0
2022-06-18,158.0,137.0,137.0,229.0,,134.0,194.0,133.0,117.0,91.0,178.0,166.0,292.0,145.0,60.0,196.0,154.0,174.0,204.0,202.0,119.0,148.0,167.0,,61.0,87.0,,86.0,146.0,148.0,157.0,117.0,57.0,154.0
2022-06-19,154.0,152.0,146.0,227.0,,128.0,176.0,60.0,60.0,83.0,182.0,167.0,259.0,154.0,118.0,204.0,83.0,167.0,188.0,182.0,65.0,176.0,167.0,,123.0,180.0,57.0,158.0,145.0,134.0,168.0,57.0,,138.0
2022-06-20,158.0,142.0,185.0,242.0,,82.0,179.0,128.0,58.0,163.0,232.0,179.0,301.0,144.0,124.0,209.0,143.0,183.0,180.0,223.0,123.0,149.0,157.0,,135.0,198.0,57.0,146.0,148.0,161.0,155.0,,,156.0
2022-06-21,164.0,147.0,157.0,225.0,,142.0,182.0,129.0,115.0,140.0,217.0,202.0,285.0,158.0,130.0,210.0,144.0,153.0,156.0,211.0,122.0,184.0,154.0,,129.0,206.0,63.0,173.0,151.0,162.0,172.0,119.0,,140.0
2022-06-22,169.0,155.0,130.0,267.0,,143.0,191.0,124.0,58.0,106.0,212.0,165.0,285.0,155.0,133.0,215.0,143.0,162.0,173.0,223.0,63.0,170.0,163.0,,89.0,174.0,57.0,147.0,158.0,146.0,195.0,57.0,,138.0
2022-06-23,165.0,143.0,148.0,285.0,,127.0,189.0,129.0,122.0,150.0,211.0,161.0,255.0,155.0,132.0,215.0,144.0,167.0,184.0,206.0,118.0,165.0,157.0,,144.0,184.0,,151.0,153.0,165.0,178.0,,,132.0
2022-06-24,154.0,137.0,141.0,285.0,,135.0,186.0,120.0,57.0,150.0,210.0,141.0,263.0,196.0,120.0,182.0,152.0,89.0,181.0,199.0,115.0,154.0,141.0,,136.0,142.0,,137.0,152.0,134.0,165.0,65.0,114.0,135.0
2022-06-25,150.0,130.0,143.0,196.0,,130.0,170.0,126.0,58.0,148.0,215.0,148.0,241.0,143.0,57.0,187.0,147.0,150.0,97.0,172.0,118.0,148.0,143.0,,138.0,146.0,114.0,142.0,143.0,142.0,80.0,58.0,,83.0
2022-06-26,151.0,135.0,123.0,235.0,,137.0,218.0,127.0,59.0,150.0,196.0,139.0,292.0,149.0,114.0,182.0,133.0,161.0,179.0,187.0,58.0,172.0,143.0,,135.0,155.0,63.0,84.0,131.0,83.0,135.0,61.0,,144.0
2022-06-27,184.0,150.0,145.0,240.0,,138.0,204.0,154.0,61.0,162.0,208.0,147.0,280.0,148.0,125.0,189.0,86.0,185.0,167.0,195.0,63.0,163.0,155.0,,141.0,155.0,60.0,146.0,153.0,139.0,185.0,122.0,,131.0
2022-06-28,197.0,155.0,135.0,254.0,,136.0,171.0,131.0,125.0,155.0,221.0,168.0,297.0,140.0,118.0,194.0,189.0,108.0,169.0,199.0,60.0,148.0,154.0,,123.0,143.0,58.0,166.0,158.0,145.0,155.0,60.0,117.0,138.0
2022-06-29,148.0,143.0,157.0,252.0,,66.0,196.0,124.0,123.0,142.0,221.0,143.0,265.0,151.0,133.0,191.0,143.0,144.0,178.0,197.0,61.0,149.0,151.0,,131.0,150.0,,138.0,158.0,146.0,151.0,,,131.0
2022-06-30,159.0,138.0,130.0,204.0,,134.0,166.0,138.0,57.0,155.0,206.0,157.0,257.0,137.0,120.0,206.0,170.0,161.0,166.0,193.0,129.0,133.0,147.0,,132.0,160.0,,134.0,141.0,161.0,142.0,,,139.0
2022-07-01,148.0,129.0,136.0,204.0,,66.0,159.0,124.0,119.0,140.0,196.0,144.0,275.0,148.0,126.0,179.0,139.0,147.0,155.0,171.0,114.0,139.0,144.0,,126.0,162.0,121.0,126.0,156.0,144.0,151.0,60.0,,143.0
2022-07-02,132.0,149.0,145.0,173.0,,122.0,157.0,60.0,58.0,130.0,185.0,80.0,259.0,128.0,63.0,183.0,142.0,143.0,170.0,174.0,57.0,139.0,134.0,,60.0,150.0,57.0,144.0,157.0,76.0,143.0,65.0,57.0,130.0
2022-07-03,140.0,74.0,138.0,155.0,,124.0,204.0,67.0,,76.0,200.0,130.0,244.0,133.0,61.0,190.0,132.0,158.0,159.0,170.0,60.0,157.0,140.0,,126.0,143.0,59.0,130.0,128.0,73.0,135.0,63.0,,66.0
2022-07-04,158.0,158.0,141.0,217.0,,128.0,179.0,114.0,57.0,146.0,188.0,84.0,280.0,130.0,114.0,189.0,139.0,147.0,158.0,195.0,115.0,170.0,163.0,,168.0,140.0,118.0,74.0,140.0,76.0,147.0,59.0,57.0,130.0
2022-07-05,146.0,143.0,146.0,216.0,,123.0,178.0,124.0,,145.0,216.0,178.0,257.0,139.0,120.0,167.0,141.0,144.0,160.0,182.0,123.0,142.0,165.0,,65.0,141.0,118.0,135.0,146.0,130.0,153.0,61.0,,122.0
2022-07-06,163.0,137.0,133.0,188.0,,70.0,197.0,120.0,63.0,148.0,182.0,80.0,259.0,155.0,122.0,184.0,131.0,163.0,163.0,175.0,120.0,162.0,134.0,,127.0,156.0,115.0,128.0,151.0,155.0,133.0,117.0,,69.0
2022-07-07,178.0,149.0,132.0,206.0,,127.0,189.0,132.0,114.0,161.0,200.0,136.0,264.0,139.0,126.0,214.0,143.0,175.0,186.0,182.0,65.0,168.0,148.0,,61.0,154.0,,133.0,131.0,128.0,128.0,59.0,,121.0
2022-07-08,142.0,133.0,131.0,197.0,,126.0,189.0,133.0,57.0,137.0,201.0,145.0,201.0,134.0,124.0,186.0,89.0,176.0,177.0,160.0,123.0,162.0,153.0,,120.0,143.0,58.0,131.0,148.0,134.0,146.0,116.0,57.0,140.0
2022-07-09,157.0,76.0,69.0,156.0,,124.0,185.0,114.0,,80.0,175.0,133.0,196.0,123.0,66.0,168.0,76.0,147.0,150.0,192.0,61.0,137.0,141.0,,66.0,132.0,,143.0,145.0,79.0,128.0,58.0,,129.0
2022-07-10,163.0,126.0,252.0,183.0,,130.0,186.0,124.0,,141.0,178.0,138.0,212.0,127.0,67.0,190.0,78.0,178.0,148.0,173.0,66.0,156.0,151.0,,,133.0,,137.0,122.0,129.0,130.0,,,60.0
2022-07-11,132.0,145.0,137.0,210.0,,134.0,198.0,125.0,57.0,140.0,212.0,144.0,248.0,144.0,125.0,165.0,134.0,171.0,154.0,207.0,118.0,147.0,181.0,,115.0,141.0,58.0,135.0,140.0,137.0,153.0,61.0,,130.0
2022-07-12,160.0,144.0,129.0,212.0,,130.0,183.0,127.0,58.0,145.0,197.0,161.0,218.0,152.0,119.0,187.0,133.0,166.0,162.0,198.0,121.0,159.0,163.0,,119.0,138.0,57.0,121.0,93.0,152.0,143.0,114.0,,118.0
2022-07-13,150.0,131.0,123.0,183.0,,126.0,152.0,122.0,59.0,135.0,193.0,152.0,208.0,141.0,122.0,172.0,133.0,165.0,162.0,192.0,122.0,165.0,163.0,,69.0,151.0,,148.0,141.0,133.0,154.0,57.0,114.0,134.0
2022-07-14,172.0,124.0,130.0,209.0,,123.0,171.0,128.0,114.0,152.0,190.0,148.0,208.0,130.0,126.0,179.0,139.0,139.0,170.0,217.0,117.0,143.0,152.0,,117.0,161.0,,130.0,152.0,134.0,139.0,,,126.0
2022-07-15,154.0,131.0,135.0,230.0,,117.0,172.0,121.0,58.0,142.0,202.0,138.0,248.0,140.0,126.0,187.0,128.0,183.0,157.0,174.0,57.0,152.0,161.0,,120.0,142.0,60.0,145.0,152.0,137.0,140.0,61.0,,122.0
2022-07-16,140.0,126.0,126.0,186.0,,70.0,156.0,125.0,57.0,150.0,195.0,143.0,206.0,155.0,124.0,180.0,92.0,149.0,156.0,189.0,58.0,165.0,146.0,,73.0,151.0,,79.0,140.0,145.0,130.0,57.0,,133.0
2022-07-17,154.0,61.0,123.0,172.0,,70.0,151.0,128.0,60.0,138.0,210.0,164.0,213.0,79.0,60.0,205.0,136.0,154.0,148.0,185.0,58.0,130.0,157.0,,63.0,71.0,65.0,76.0,130.0,73.0,140.0,114.0,57.0,65.0
2022-07-18,160.0,139.0,140.0,220.0,,131.0,180.0,128.0,119.0,142.0,169.0,144.0,203.0,163.0,65.0,183.0,135.0,157.0,170.0,200.0,60.0,142.0,151.0,,65.0,144.0,,127.0,169.0,136.0,140.0,,57.0,66.0
2022-07-19,166.0,129.0,136.0,215.0,,136.0,172.0,126.0,58.0,138.0,213.0,147.0,219.0,149.0,143.0,186.0,150.0,154.0,187.0,196.0,63.0,160.0,150.0,,61.0,152.0,,137.0,144.0,135.0,145.0,61.0,,131.0
2022-07-20,162.0,137.0,120.0,203.0,,67.0,170.0,131.0,,151.0,186.0,158.0,201.0,152.0,60.0,199.0,87.0,170.0,163.0,223.0,63.0,151.0,168.0,,128.0,139.0,,142.0,164.0,130.0,145.0,121.0,,128.0
2022-07-21,158.0,124.0,67.0,210.0,,122.0,178.0,69.0,60.0,129.0,191.0,148.0,230.0,139.0,127.0,179.0,143.0,176.0,163.0,208.0,117.0,155.0,171.0,,118.0,140.0,60.0,132.0,141.0,82.0,153.0,,,74.0
2022-07-22,146.0,127.0,136.0,164.0,,133.0,165.0,122.0,57.0,139.0,175.0,149.0,220.0,128.0,61.0,174.0,144.0,158.0,163.0,181.0,58.0,154.0,138.0,,124.0,155.0,,132.0,135.0,131.0,142.0,57.0,,130.0
2022-07-23,154.0,65.0,120.0,197.0,,116.0,166.0,124.0,115.0,137.0,185.0,147.0,183.0,140.0,124.0,159.0,142.0,161.0,160.0,173.0,60.0,139.0,144.0,,118.0,147.0,,70.0,145.0,126.0,143.0,60.0,,63.0
2022-07-24,155.0,133.0,122.0,173.0,,128.0,155.0,128.0,58.0,156.0,191.0,142.0,207.0,115.0,127.0,180.0,137.0,154.0,161.0,179.0,,142.0,140.0,,115.0,143.0,,139.0,145.0,145.0,146.0,117.0,,122.0
2022-07-25,163.0,158.0,132.0,174.0,,65.0,178.0,125.0,,132.0,221.0,146.0,217.0,148.0,65.0,188.0,137.0,173.0,157.0,222.0,118.0,148.0,158.0,,63.0,166.0,58.0,126.0,152.0,154.0,142.0,57.0,,130.0
2022-07-26,169.0,142.0,70.0,229.0,,131.0,173.0,132.0,57.0,137.0,195.0,73.0,241.0,148.0,121.0,209.0,130.0,181.0,151.0,201.0,61.0,146.0,157.0,,145.0,155.0,,154.0,136.0,152.0,149.0,,,119.0
2022-07-27,163.0,139.0,124.0,223.0,,137.0,187.0,124.0,57.0,140.0,195.0,152.0,233.0,146.0,70.0,212.0,142.0,191.0,173.0,173.0,114.0,148.0,165.0,,124.0,146.0,,131.0,144.0,150.0,145.0,,,137.0
2022-07-28,160.0,143.0,142.0,171.0,57.0,131.0,190.0,119.0,59.0,138.0,192.0,163.0,265.0,142.0,125.0,191.0,146.0,168.0,151.0,197.0,114.0,146.0,152.0,,122.0,139.0,57.0,143.0,127.0,144.0,137.0,60.0,,139.0
2022-07-29,167.0,150.0,123.0,231.0,,126.0,174.0,58.0,,148.0,178.0,156.0,243.0,133.0,132.0,187.0,136.0,157.0,157.0,206.0,117.0,138.0,152.0,,70.0,147.0,57.0,152.0,133.0,140.0,136.0,57.0,,153.0
2022-07-30,164.0,135.0,148.0,186.0,,128.0,167.0,130.0,,80.0,186.0,182.0,186.0,132.0,67.0,181.0,143.0,161.0,176.0,190.0,118.0,150.0,140.0,,133.0,145.0,,74.0,132.0,141.0,137.0,,,137.0
2022-07-31,135.0,84.0,122.0,168.0,57.0,123.0,176.0,60.0,,139.0,193.0,84.0,202.0,133.0,82.0,202.0,135.0,148.0,177.0,174.0,58.0,146.0,163.0,,127.0,139.0,,150.0,135.0,136.0,73.0,117.0,,79.0
2022-08-01,152.0,135.0,135.0,208.0,59.0,129.0,172.0,128.0,115.0,150.0,197.0,143.0,220.0,132.0,70.0,177.0,82.0,153.0,153.0,184.0,118.0,142.0,140.0,,191.0,155.0,,146.0,134.0,145.0,153.0,61.0,,128.0
2022-08-02,174.0,130.0,126.0,208.0,,66.0,189.0,124.0,57.0,158.0,207.0,147.0,229.0,128.0,137.0,213.0,134.0,138.0,145.0,189.0,115.0,150.0,137.0,,123.0,133.0,57.0,152.0,79.0,135.0,128.0,58.0,,135.0
2022-08-03,167.0,137.0,120.0,234.0,,60.0,172.0,119.0,122.0,142.0,153.0,157.0,209.0,134.0,130.0,181.0,152.0,187.0,174.0,195.0,119.0,140.0,148.0,,63.0,141.0,,126.0,135.0,141.0,136.0,,,126.0
2022-08-04,141.0,122.0,136.0,258.0,,123.0,165.0,125.0,,154.0,193.0,148.0,223.0,133.0,129.0,194.0,137.0,151.0,167.0,192.0,61.0,147.0,139.0,,130.0,173.0,,139.0,146.0,128.0,142.0,114.0,,67.0
2022-08-05,162.0,143.0,127.0,210.0,,122.0,176.0,120.0,,139.0,205.0,138.0,209.0,126.0,128.0,161.0,137.0,160.0,155.0,207.0,117.0,137.0,86.0,,61.0,131.0,57.0,145.0,148.0,134.0,141.0,,57.0,124.0
2022-08-06,153.0,124.0,71.0,159.0,,115.0,144.0,120.0,59.0,151.0,190.0,159.0,195.0,129.0,128.0,156.0,140.0,156.0,165.0,172.0,117.0,131.0,91.0,,66.0,127.0,,122.0,128.0,83.0,135.0,57.0,,130.0
2022-08-07,140.0,135.0,70.0,170.0,,117.0,163.0,63.0,115.0,138.0,159.0,139.0,210.0,70.0,60.0,166.0,139.0,145.0,166.0,182.0,118.0,134.0,155.0,,117.0,150.0,,79.0,146.0,137.0,136.0,57.0,,128.0
2022-08-08,148.0,135.0,124.0,189.0,,120.0,168.0,66.0,65.0,163.0,189.0,141.0,216.0,148.0,124.0,187.0,144.0,153.0,169.0,197.0,,141.0,147.0,,132.0,139.0,,139.0,153.0,132.0,137.0,60.0,,82.0
2022-08-09,154.0,135.0,127.0,184.0,,117.0,175.0,122.0,117.0,137.0,201.0,143.0,212.0,71.0,123.0,178.0,154.0,168.0,182.0,191.0,57.0,156.0,136.0,,128.0,137.0,57.0,127.0,149.0,124.0,130.0,57.0,,127.0
2022-08-10,151.0,67.0,76.0,194.0,,119.0,162.0,123.0,57.0,167.0,217.0,152.0,214.0,141.0,118.0,225.0,149.0,167.0,159.0,189.0,122.0,169.0,143.0,,119.0,150.0,57.0,126.0,156.0,137.0,137.0,,,139.0
2022-08-11,158.0,139.0,130.0,201.0,,117.0,180.0,126.0,117.0,144.0,200.0,148.0,219.0,138.0,125.0,174.0,151.0,164.0,161.0,176.0,,137.0,162.0,,118.0,152.0,,140.0,153.0,129.0,131.0,58.0,57.0,126.0
2022-08-12,150.0,156.0,63.0,191.0,,117.0,151.0,126.0,,129.0,176.0,157.0,240.0,137.0,118.0,166.0,165.0,169.0,159.0,210.0,61.0,150.0,163.0,,66.0,149.0,,136.0,138.0,130.0,137.0,60.0,,118.0
2022-08-13,139.0,135.0,125.0,208.0,,126.0,175.0,67.0,,133.0,185.0,99.0,227.0,84.0,117.0,198.0,145.0,163.0,161.0,180.0,58.0,139.0,137.0,,129.0,141.0,,146.0,137.0,139.0,70.0,59.0,,66.0
2022-08-14,159.0,74.0,134.0,171.0,,69.0,162.0,122.0,57.0,148.0,190.0,150.0,219.0,141.0,122.0,198.0,78.0,161.0,173.0,195.0,65.0,135.0,145.0,,117.0,141.0,,78.0,84.0,139.0,80.0,60.0,,134.0
2022-08-15,156.0,140.0,134.0,210.0,,130.0,164.0,130.0,115.0,135.0,192.0,157.0,245.0,147.0,124.0,195.0,128.0,156.0,176.0,203.0,63.0,141.0,161.0,,114.0,128.0,,130.0,161.0,82.0,120.0,61.0,,131.0
2022-08-16,179.0,146.0,139.0,208.0,,120.0,165.0,124.0,57.0,144.0,180.0,165.0,227.0,143.0,130.0,185.0,83.0,170.0,166.0,207.0,117.0,159.0,161.0,,117.0,133.0,,120.0,172.0,136.0,134.0,,,126.0
2022-08-17,167.0,124.0,73.0,224.0,,65.0,147.0,126.0,57.0,150.0,195.0,145.0,217.0,139.0,67.0,180.0,130.0,141.0,203.0,202.0,57.0,141.0,154.0,,126.0,146.0,,70.0,164.0,139.0,136.0,59.0,,131.0
2022-08-18,155.0,136.0,128.0,227.0,,132.0,180.0,129.0,115.0,144.0,189.0,153.0,221.0,74.0,118.0,158.0,165.0,170.0,166.0,214.0,57.0,145.0,152.0,,121.0,134.0,,140.0,173.0,156.0,82.0,114.0,,125.0
2022-08-19,154.0,128.0,139.0,206.0,,128.0,163.0,124.0,,140.0,193.0,148.0,221.0,147.0,132.0,173.0,84.0,157.0,149.0,192.0,114.0,152.0,137.0,,61.0,140.0,,139.0,158.0,65.0,137.0,57.0,57.0,128.0
2022-08-20,144.0,127.0,124.0,180.0,,66.0,97.0,120.0,,137.0,192.0,144.0,207.0,133.0,60.0,177.0,142.0,163.0,178.0,215.0,58.0,152.0,154.0,,60.0,139.0,,73.0,128.0,142.0,152.0,,,135.0
2022-08-21,144.0,132.0,131.0,183.0,,126.0,180.0,73.0,57.0,145.0,176.0,152.0,198.0,135.0,115.0,174.0,80.0,151.0,147.0,170.0,119.0,134.0,156.0,,66.0,147.0,61.0,69.0,133.0,139.0,128.0,57.0,,134.0
2022-08-22,148.0,135.0,122.0,207.0,,117.0,183.0,124.0,57.0,133.0,202.0,153.0,229.0,127.0,126.0,208.0,130.0,157.0,173.0,182.0,128.0,165.0,135.0,,115.0,137.0,,130.0,135.0,147.0,124.0,57.0,,125.0
2022-08-23,152.0,149.0,148.0,201.0,,117.0,197.0,124.0,57.0,128.0,236.0,150.0,236.0,141.0,114.0,216.0,134.0,198.0,173.0,201.0,117.0,169.0,165.0,,132.0,148.0,61.0,140.0,129.0,134.0,137.0,57.0,57.0,71.0
2022-08-24,157.0,143.0,145.0,215.0,,126.0,184.0,133.0,65.0,137.0,206.0,155.0,257.0,82.0,120.0,192.0,134.0,179.0,194.0,221.0,57.0,146.0,169.0,,124.0,128.0,,126.0,146.0,145.0,149.0,,57.0,69.0
2022-08-25,151.0,156.0,128.0,241.0,,133.0,179.0,124.0,115.0,142.0,239.0,179.0,225.0,132.0,115.0,200.0,147.0,178.0,166.0,219.0,69.0,165.0,163.0,,,143.0,58.0,139.0,145.0,147.0,150.0,58.0,,124.0
2022-08-26,184.0,146.0,149.0,218.0,,133.0,180.0,61.0,58.0,83.0,253.0,159.0,238.0,139.0,126.0,206.0,137.0,187.0,163.0,187.0,118.0,161.0,158.0,,65.0,147.0,,66.0,140.0,147.0,140.0,120.0,,143.0
2022-08-27,173.0,148.0,130.0,224.0,,135.0,184.0,130.0,116.0,153.0,219.0,161.0,223.0,156.0,65.0,201.0,146.0,175.0,118.0,214.0,122.0,160.0,155.0,,58.0,143.0,,120.0,129.0,152.0,140.0,57.0,,128.0
2022-08-28,139.0,143.0,69.0,215.0,,66.0,181.0,132.0,61.0,84.0,241.0,177.0,216.0,136.0,61.0,202.0,158.0,147.0,172.0,196.0,,150.0,158.0,,126.0,142.0,,137.0,127.0,140.0,154.0,,,126.0
2022-08-29,180.0,142.0,135.0,258.0,,125.0,172.0,134.0,120.0,154.0,237.0,177.0,273.0,142.0,126.0,227.0,172.0,190.0,181.0,238.0,57.0,174.0,168.0,,129.0,156.0,,140.0,157.0,152.0,176.0,118.0,,70.0
2022-08-30,169.0,163.0,139.0,257.0,,130.0,170.0,61.0,57.0,147.0,273.0,198.0,274.0,156.0,73.0,279.0,173.0,159.0,152.0,220.0,59.0,174.0,165.0,,127.0,183.0,,141.0,148.0,155.0,153.0,63.0,,133.0
2022-08-31,181.0,147.0,69.0,246.0,,125.0,189.0,130.0,129.0,155.0,219.0,128.0,250.0,140.0,119.0,238.0,170.0,167.0,165.0,219.0,61.0,186.0,153.0,,128.0,178.0,58.0,83.0,125.0,135.0,76.0,115.0,,134.0
2022-09-01,153.0,128.0,123.0,213.0,57.0,130.0,156.0,137.0,122.0,154.0,187.0,167.0,280.0,146.0,66.0,216.0,147.0,169.0,187.0,193.0,63.0,172.0,145.0,,63.0,93.0,,160.0,133.0,159.0,146.0,80.0,,123.0
2022-09-02,137.0,147.0,126.0,228.0,,67.0,202.0,141.0,57.0,140.0,181.0,134.0,223.0,135.0,120.0,196.0,140.0,156.0,173.0,182.0,69.0,165.0,175.0,,115.0,142.0,,142.0,141.0,149.0,142.0,69.0,,132.0
2022-09-03,168.0,78.0,150.0,216.0,,131.0,154.0,135.0,60.0,137.0,187.0,153.0,205.0,143.0,126.0,183.0,144.0,153.0,168.0,176.0,119.0,161.0,141.0,,115.0,128.0,59.0,84.0,139.0,134.0,130.0,,,124.0
2022-09-04,158.0,155.0,145.0,237.0,,128.0,140.0,73.0,,145.0,186.0,164.0,217.0,152.0,65.0,189.0,130.0,165.0,176.0,181.0,124.0,151.0,143.0,,76.0,145.0,57.0,123.0,163.0,137.0,139.0,60.0,,123.0
2022-09-05,190.0,142.0,142.0,206.0,,141.0,198.0,152.0,117.0,152.0,204.0,140.0,263.0,137.0,131.0,240.0,174.0,183.0,195.0,218.0,115.0,179.0,184.0,,134.0,144.0,,78.0,158.0,368.0,142.0,61.0,,67.0
2022-09-06,176.0,150.0,136.0,227.0,,137.0,209.0,139.0,115.0,167.0,191.0,157.0,310.0,159.0,148.0,176.0,174.0,158.0,199.0,208.0,58.0,171.0,160.0,57.0,133.0,180.0,60.0,126.0,158.0,367.0,144.0,120.0,,152.0
2022-09-07,177.0,156.0,135.0,227.0,,65.0,172.0,140.0,58.0,172.0,206.0,156.0,230.0,157.0,129.0,208.0,174.0,168.0,219.0,195.0,69.0,193.0,160.0,,129.0,191.0,57.0,128.0,168.0,280.0,150.0,57.0,,137.0
2022-09-08,188.0,139.0,118.0,180.0,,124.0,204.0,132.0,60.0,160.0,196.0,140.0,285.0,155.0,132.0,217.0,141.0,167.0,183.0,224.0,63.0,162.0,170.0,,152.0,162.0,,145.0,160.0,466.0,163.0,57.0,57.0,128.0
2022-09-09,176.0,151.0,136.0,207.0,,66.0,227.0,130.0,57.0,151.0,213.0,144.0,260.0,141.0,130.0,178.0,83.0,150.0,163.0,210.0,,144.0,139.0,,57.0,148.0,,126.0,137.0,283.0,144.0,,,130.0
2022-09-10,164.0,71.0,123.0,192.0,,73.0,172.0,78.0,57.0,137.0,192.0,136.0,265.0,86.0,61.0,176.0,80.0,148.0,158.0,199.0,60.0,160.0,143.0,,120.0,130.0,,120.0,83.0,128.0,130.0,58.0,,86.0
2022-09-11,133.0,126.0,127.0,184.0,,127.0,168.0,126.0,60.0,146.0,196.0,132.0,257.0,137.0,58.0,225.0,134.0,163.0,160.0,188.0,60.0,170.0,166.0,,126.0,148.0,,124.0,130.0,129.0,148.0,57.0,,92.0
2022-09-12,167.0,139.0,130.0,246.0,,74.0,177.0,141.0,57.0,160.0,219.0,100.0,253.0,147.0,121.0,195.0,146.0,172.0,163.0,223.0,63.0,174.0,158.0,,124.0,145.0,57.0,128.0,131.0,138.0,143.0,,57.0,126.0
2022-09-13,174.0,140.0,143.0,210.0,,70.0,231.0,138.0,124.0,146.0,199.0,139.0,229.0,152.0,67.0,205.0,148.0,165.0,168.0,187.0,117.0,173.0,173.0,,121.0,165.0,,142.0,156.0,452.0,146.0,63.0,58.0,138.0
2022-09-14,169.0,140.0,148.0,244.0,,120.0,195.0,139.0,61.0,150.0,191.0,139.0,263.0,160.0,148.0,217.0,144.0,161.0,206.0,236.0,58.0,185.0,176.0,57.0,143.0,168.0,57.0,152.0,126.0,457.0,145.0,60.0,58.0,127.0
2022-09-15,186.0,163.0,66.0,223.0,,142.0,201.0,134.0,57.0,153.0,206.0,140.0,242.0,148.0,132.0,191.0,141.0,158.0,178.0,203.0,117.0,162.0,158.0,,67.0,159.0,,141.0,132.0,472.0,136.0,61.0,57.0,139.0
2022-09-16,169.0,137.0,129.0,259.0,,133.0,180.0,143.0,,156.0,200.0,95.0,229.0,132.0,66.0,201.0,137.0,161.0,204.0,240.0,57.0,163.0,150.0,,78.0,159.0,,128.0,143.0,357.0,133.0,66.0,,143.0
2022-09-17,178.0,137.0,80.0,185.0,,123.0,168.0,145.0,116.0,152.0,186.0,146.0,217.0,79.0,117.0,180.0,150.0,169.0,191.0,191.0,61.0,166.0,169.0,,65.0,148.0,,130.0,84.0,142.0,134.0,57.0,60.0,138.0
2022-09-18,182.0,135.0,135.0,206.0,,127.0,171.0,133.0,117.0,151.0,184.0,96.0,249.0,144.0,61.0,231.0,154.0,179.0,150.0,173.0,60.0,143.0,211.0,58.0,122.0,141.0,57.0,146.0,155.0,145.0,139.0,,,139.0
2022-09-19,182.0,156.0,138.0,248.0,,137.0,193.0,185.0,117.0,153.0,213.0,148.0,232.0,157.0,135.0,231.0,155.0,158.0,194.0,233.0,,176.0,189.0,,127.0,146.0,,154.0,139.0,407.0,151.0,66.0,,134.0
2022-09-20,218.0,140.0,70.0,249.0,,83.0,213.0,144.0,61.0,174.0,216.0,142.0,249.0,159.0,150.0,212.0,151.0,164.0,239.0,204.0,61.0,172.0,154.0,,139.0,161.0,57.0,137.0,153.0,276.0,153.0,57.0,57.0,135.0
2022-09-21,180.0,169.0,132.0,245.0,,73.0,229.0,143.0,118.0,146.0,202.0,161.0,260.0,153.0,141.0,199.0,138.0,157.0,182.0,218.0,121.0,192.0,178.0,57.0,136.0,157.0,57.0,134.0,146.0,429.0,153.0,58.0,,134.0
2022-09-22,182.0,129.0,130.0,229.0,,124.0,189.0,131.0,57.0,156.0,214.0,159.0,259.0,147.0,61.0,204.0,154.0,171.0,204.0,221.0,60.0,154.0,158.0,57.0,127.0,158.0,,139.0,74.0,509.0,168.0,60.0,57.0,145.0
2022-09-23,180.0,174.0,67.0,237.0,,126.0,190.0,136.0,58.0,154.0,193.0,152.0,252.0,139.0,133.0,191.0,132.0,169.0,189.0,197.0,58.0,187.0,157.0,,129.0,145.0,,146.0,97.0,274.0,150.0,115.0,61.0,131.0
2022-09-24,181.0,145.0,65.0,202.0,57.0,127.0,193.0,137.0,58.0,149.0,179.0,95.0,245.0,145.0,152.0,195.0,148.0,162.0,183.0,199.0,60.0,165.0,150.0,,130.0,147.0,,143.0,139.0,153.0,163.0,61.0,59.0,126.0
2022-09-25,211.0,148.0,136.0,193.0,,123.0,179.0,134.0,69.0,167.0,196.0,140.0,252.0,132.0,139.0,240.0,194.0,158.0,172.0,218.0,118.0,163.0,156.0,,127.0,176.0,,133.0,141.0,150.0,145.0,61.0,,139.0
2022-09-26,185.0,154.0,74.0,240.0,,140.0,206.0,146.0,,142.0,205.0,153.0,241.0,155.0,134.0,244.0,149.0,177.0,227.0,216.0,114.0,180.0,172.0,57.0,145.0,150.0,,133.0,148.0,255.0,163.0,58.0,57.0,139.0
2022-09-27,218.0,156.0,128.0,205.0,,127.0,204.0,150.0,57.0,155.0,209.0,141.0,253.0,165.0,69.0,224.0,168.0,170.0,211.0,253.0,59.0,167.0,163.0,60.0,120.0,152.0,57.0,173.0,145.0,232.0,152.0,57.0,,141.0
2022-09-28,173.0,143.0,146.0,206.0,,150.0,212.0,152.0,60.0,147.0,221.0,134.0,258.0,162.0,124.0,196.0,154.0,185.0,211.0,267.0,57.0,183.0,162.0,,126.0,156.0,,130.0,135.0,355.0,78.0,,,161.0
2022-09-29,176.0,167.0,132.0,210.0,,129.0,194.0,123.0,117.0,153.0,225.0,163.0,280.0,196.0,127.0,207.0,135.0,158.0,172.0,198.0,60.0,163.0,154.0,,128.0,154.0,125.0,84.0,131.0,336.0,143.0,117.0,,145.0
2022-09-30,168.0,143.0,71.0,185.0,,73.0,195.0,128.0,70.0,156.0,186.0,143.0,206.0,141.0,117.0,181.0,132.0,156.0,182.0,223.0,60.0,159.0,153.0,,74.0,162.0,,71.0,139.0,274.0,142.0,57.0,,128.0
2022-10-01,170.0,135.0,123.0,157.0,,71.0,178.0,67.0,115.0,164.0,169.0,142.0,223.0,137.0,71.0,191.0,124.0,84.0,173.0,211.0,114.0,144.0,148.0,,70.0,150.0,,74.0,139.0,143.0,139.0,,,67.0
2022-10-02,184.0,148.0,63.0,210.0,,161.0,166.0,129.0,60.0,150.0,210.0,159.0,241.0,127.0,120.0,200.0,138.0,159.0,159.0,223.0,114.0,144.0,156.0,,65.0,140.0,57.0,123.0,87.0,139.0,139.0,,58.0,131.0
2022-10-03,141.0,148.0,100.0,195.0,,133.0,172.0,141.0,60.0,155.0,230.0,158.0,233.0,157.0,120.0,212.0,83.0,150.0,161.0,238.0,57.0,159.0,159.0,,133.0,135.0,,73.0,129.0,151.0,144.0,60.0,,138.0
2022-10-04,169.0,166.0,73.0,214.0,,80.0,188.0,140.0,58.0,149.0,191.0,153.0,239.0,141.0,130.0,222.0,144.0,167.0,172.0,275.0,57.0,193.0,175.0,,128.0,149.0,58.0,150.0,137.0,155.0,160.0,,,141.0
2022-10-05,153.0,158.0,122.0,187.0,,150.0,219.0,143.0,60.0,142.0,211.0,177.0,249.0,152.0,131.0,204.0,136.0,156.0,154.0,266.0,61.0,189.0,152.0,,83.0,167.0,,125.0,135.0,161.0,163.0,,57.0,136.0
2022-10-06,191.0,182.0,135.0,227.0,,150.0,238.0,151.0,,130.0,188.0,166.0,286.0,147.0,120.0,221.0,78.0,180.0,178.0,268.0,59.0,151.0,147.0,,71.0,176.0,58.0,146.0,132.0,185.0,159.0,58.0,114.0,146.0
2022-10-07,184.0,173.0,140.0,229.0,,143.0,241.0,147.0,,161.0,193.0,150.0,294.0,148.0,133.0,246.0,143.0,194.0,152.0,310.0,,172.0,159.0,,142.0,182.0,57.0,137.0,140.0,176.0,145.0,57.0,,126.0
2022-10-08,173.0,135.0,146.0,231.0,,146.0,186.0,130.0,61.0,84.0,204.0,162.0,244.0,162.0,131.0,204.0,165.0,156.0,177.0,214.0,124.0,175.0,169.0,,67.0,156.0,,163.0,143.0,274.0,159.0,,,146.0
2022-10-09,182.0,150.0,132.0,214.0,,140.0,202.0,149.0,60.0,153.0,219.0,174.0,229.0,150.0,139.0,216.0,151.0,159.0,188.0,274.0,122.0,152.0,165.0,,136.0,156.0,118.0,128.0,146.0,302.0,164.0,57.0,,79.0
2022-10-10,161.0,150.0,140.0,232.0,,146.0,205.0,169.0,70.0,165.0,239.0,167.0,261.0,178.0,150.0,242.0,153.0,194.0,200.0,204.0,125.0,201.0,157.0,57.0,139.0,163.0,,137.0,159.0,279.0,175.0,114.0,57.0,126.0
2022-10-11,172.0,163.0,119.0,229.0,,133.0,184.0,153.0,120.0,204.0,245.0,179.0,463.0,164.0,139.0,242.0,183.0,180.0,219.0,242.0,57.0,217.0,174.0,57.0,129.0,178.0,60.0,150.0,148.0,224.0,163.0,57.0,114.0,140.0
2022-10-12,194.0,141.0,141.0,227.0,57.0,152.0,206.0,150.0,67.0,158.0,219.0,178.0,513.0,174.0,130.0,255.0,152.0,184.0,227.0,207.0,114.0,222.0,163.0,58.0,137.0,155.0,58.0,151.0,140.0,315.0,184.0,115.0,59.0,82.0
2022-10-13,180.0,139.0,123.0,231.0,,145.0,217.0,157.0,58.0,170.0,191.0,193.0,413.0,152.0,118.0,223.0,142.0,192.0,205.0,219.0,126.0,202.0,197.0,,130.0,154.0,61.0,157.0,137.0,217.0,179.0,117.0,,154.0
2022-10-14,166.0,141.0,76.0,231.0,,134.0,219.0,150.0,57.0,145.0,231.0,163.0,230.0,144.0,80.0,217.0,138.0,201.0,199.0,200.0,67.0,221.0,173.0,57.0,127.0,161.0,114.0,140.0,146.0,186.0,162.0,115.0,,145.0
2022-10-15,174.0,154.0,73.0,175.0,,131.0,229.0,131.0,117.0,133.0,210.0,158.0,268.0,131.0,63.0,210.0,100.0,157.0,192.0,234.0,123.0,189.0,161.0,,122.0,135.0,57.0,142.0,160.0,152.0,152.0,,,148.0
2022-10-16,226.0,145.0,140.0,222.0,,123.0,232.0,153.0,58.0,136.0,206.0,159.0,291.0,137.0,119.0,245.0,166.0,166.0,217.0,217.0,57.0,189.0,176.0,,124.0,172.0,,128.0,155.0,156.0,163.0,,,151.0
2022-10-17,205.0,179.0,146.0,234.0,,142.0,242.0,185.0,61.0,228.0,266.0,157.0,263.0,140.0,131.0,259.0,175.0,179.0,231.0,264.0,57.0,217.0,181.0,57.0,147.0,164.0,57.0,182.0,165.0,214.0,196.0,,57.0,136.0
2022-10-18,160.0,147.0,144.0,211.0,,167.0,237.0,144.0,57.0,164.0,243.0,172.0,384.0,172.0,139.0,240.0,162.0,201.0,204.0,225.0,117.0,202.0,189.0,57.0,130.0,161.0,58.0,154.0,156.0,205.0,159.0,57.0,,148.0
2022-10-19,194.0,148.0,156.0,267.0,,152.0,234.0,153.0,130.0,154.0,260.0,180.0,403.0,161.0,130.0,229.0,163.0,165.0,219.0,231.0,58.0,217.0,160.0,114.0,148.0,174.0,57.0,172.0,170.0,254.0,196.0,124.0,,140.0
2022-10-20,195.0,158.0,133.0,263.0,,137.0,241.0,142.0,117.0,176.0,238.0,164.0,355.0,178.0,129.0,247.0,186.0,185.0,217.0,255.0,117.0,200.0,182.0,58.0,76.0,172.0,57.0,124.0,170.0,183.0,163.0,57.0,57.0,181.0
2022-10-21,169.0,158.0,142.0,224.0,,142.0,240.0,142.0,123.0,172.0,217.0,164.0,257.0,174.0,124.0,258.0,162.0,203.0,217.0,254.0,57.0,176.0,165.0,57.0,150.0,143.0,,155.0,162.0,213.0,202.0,60.0,114.0,135.0
2022-10-22,176.0,145.0,78.0,196.0,,132.0,223.0,156.0,119.0,173.0,202.0,148.0,247.0,145.0,128.0,241.0,157.0,219.0,189.0,222.0,120.0,192.0,183.0,,122.0,168.0,57.0,131.0,166.0,145.0,160.0,61.0,57.0,123.0
2022-10-23,209.0,167.0,135.0,200.0,,131.0,236.0,136.0,57.0,188.0,200.0,147.0,281.0,164.0,117.0,248.0,153.0,244.0,174.0,242.0,61.0,166.0,152.0,57.0,133.0,161.0,59.0,144.0,184.0,158.0,178.0,57.0,57.0,80.0
2022-10-24,197.0,167.0,135.0,243.0,,136.0,240.0,158.0,118.0,191.0,252.0,152.0,270.0,146.0,130.0,286.0,159.0,204.0,209.0,258.0,58.0,185.0,179.0,60.0,132.0,172.0,,154.0,160.0,221.0,187.0,60.0,57.0,155.0
2022-10-25,173.0,176.0,137.0,236.0,,153.0,213.0,149.0,133.0,167.0,230.0,169.0,284.0,161.0,139.0,277.0,183.0,254.0,228.0,260.0,58.0,198.0,154.0,,141.0,150.0,,152.0,155.0,173.0,196.0,69.0,,160.0
2022-10-26,196.0,159.0,134.0,246.0,57.0,130.0,224.0,136.0,87.0,176.0,236.0,160.0,280.0,168.0,70.0,272.0,178.0,249.0,205.0,212.0,118.0,242.0,173.0,,120.0,155.0,57.0,158.0,151.0,246.0,197.0,65.0,,140.0
2022-10-27,185.0,156.0,73.0,282.0,57.0,128.0,237.0,152.0,57.0,174.0,242.0,169.0,270.0,170.0,148.0,243.0,84.0,203.0,192.0,238.0,57.0,189.0,182.0,60.0,143.0,149.0,,143.0,148.0,177.0,202.0,57.0,,148.0
2022-10-28,193.0,140.0,69.0,220.0,57.0,141.0,254.0,132.0,118.0,191.0,217.0,150.0,248.0,151.0,117.0,230.0,169.0,182.0,191.0,209.0,117.0,163.0,159.0,,135.0,146.0,58.0,135.0,161.0,185.0,153.0,58.0,,137.0
2022-10-29,168.0,129.0,129.0,202.0,,93.0,216.0,144.0,,172.0,208.0,157.0,261.0,163.0,127.0,214.0,158.0,174.0,192.0,257.0,61.0,167.0,167.0,,133.0,156.0,,145.0,129.0,165.0,165.0,117.0,,66.0
2022-10-30,151.0,145.0,80.0,184.0,,135.0,245.0,89.0,60.0,105.0,202.0,87.0,244.0,152.0,69.0,213.0,163.0,162.0,165.0,201.0,,175.0,171.0,,122.0,82.0,,86.0,159.0,118.0,174.0,115.0,,145.0
2022-10-31,159.0,176.0,132.0,250.0,59.0,76.0,229.0,157.0,65.0,172.0,219.0,152.0,305.0,144.0,130.0,238.0,156.0,169.0,208.0,242.0,57.0,164.0,166.0,,67.0,160.0,,139.0,165.0,246.0,176.0,120.0,61.0,132.0
2022-11-01,159.0,154.0,135.0,223.0,,156.0,214.0,151.0,118.0,163.0,233.0,141.0,286.0,165.0,83.0,251.0,166.0,208.0,239.0,233.0,114.0,170.0,175.0,,67.0,152.0,,163.0,160.0,255.0,167.0,57.0,,143.0
2022-11-02,201.0,166.0,131.0,231.0,,142.0,248.0,155.0,,171.0,257.0,158.0,296.0,186.0,144.0,241.0,181.0,209.0,215.0,226.0,66.0,219.0,174.0,57.0,139.0,169.0,57.0,154.0,158.0,168.0,187.0,58.0,118.0,145.0
2022-11-03,168.0,157.0,143.0,228.0,,132.0,227.0,166.0,118.0,163.0,249.0,135.0,258.0,189.0,126.0,225.0,160.0,176.0,222.0,213.0,63.0,197.0,184.0,,71.0,144.0,,143.0,151.0,155.0,167.0,63.0,117.0,80.0
2022-11-04,184.0,148.0,147.0,231.0,,151.0,223.0,139.0,61.0,155.0,227.0,150.0,260.0,173.0,126.0,215.0,159.0,160.0,253.0,236.0,125.0,213.0,173.0,,58.0,166.0,,141.0,152.0,261.0,165.0,57.0,114.0,131.0
2022-11-05,169.0,138.0,127.0,198.0,,126.0,219.0,76.0,,158.0,234.0,163.0,226.0,151.0,132.0,238.0,150.0,157.0,196.0,227.0,118.0,161.0,95.0,,132.0,140.0,61.0,76.0,146.0,152.0,162.0,120.0,,61.0
2022-11-06,171.0,139.0,133.0,229.0,,132.0,238.0,151.0,,165.0,263.0,150.0,277.0,185.0,66.0,239.0,171.0,173.0,187.0,236.0,115.0,188.0,199.0,,135.0,150.0,57.0,139.0,142.0,154.0,165.0,65.0,123.0,154.0
2022-11-07,206.0,160.0,165.0,227.0,,139.0,236.0,141.0,,173.0,284.0,144.0,304.0,172.0,58.0,263.0,174.0,197.0,243.0,277.0,126.0,195.0,191.0,116.0,135.0,145.0,,150.0,150.0,188.0,181.0,,,144.0
2022-11-08,184.0,170.0,133.0,252.0,,143.0,232.0,132.0,115.0,198.0,273.0,141.0,303.0,194.0,71.0,267.0,165.0,197.0,209.0,268.0,119.0,230.0,173.0,,143.0,141.0,57.0,157.0,174.0,240.0,199.0,60.0,60.0,71.0
2022-11-09,186.0,148.0,82.0,233.0,,137.0,229.0,161.0,57.0,172.0,274.0,176.0,279.0,158.0,128.0,254.0,176.0,187.0,196.0,252.0,122.0,215.0,211.0,61.0,133.0,157.0,58.0,174.0,167.0,187.0,171.0,116.0,,148.0
2022-11-10,182.0,197.0,138.0,217.0,57.0,139.0,210.0,154.0,117.0,214.0,288.0,153.0,288.0,163.0,76.0,221.0,152.0,195.0,214.0,262.0,117.0,210.0,191.0,,137.0,159.0,57.0,143.0,143.0,155.0,175.0,115.0,,126.0
2022-11-11,183.0,143.0,137.0,230.0,,128.0,256.0,129.0,57.0,172.0,225.0,150.0,251.0,158.0,70.0,207.0,155.0,174.0,181.0,234.0,66.0,179.0,163.0,,135.0,144.0,60.0,138.0,146.0,177.0,170.0,,57.0,141.0
2022-11-12,184.0,160.0,145.0,216.0,,129.0,234.0,128.0,114.0,160.0,245.0,182.0,259.0,148.0,130.0,244.0,162.0,182.0,210.0,212.0,57.0,186.0,191.0,,83.0,155.0,57.0,143.0,160.0,148.0,150.0,58.0,,142.0
2022-11-13,195.0,169.0,120.0,206.0,,130.0,254.0,143.0,58.0,151.0,244.0,169.0,317.0,151.0,129.0,257.0,174.0,204.0,205.0,211.0,115.0,168.0,185.0,,137.0,153.0,,127.0,139.0,161.0,179.0,57.0,,146.0
2022-11-14,197.0,143.0,156.0,281.0,,143.0,269.0,156.0,124.0,208.0,289.0,163.0,265.0,195.0,82.0,252.0,104.0,184.0,189.0,254.0,116.0,197.0,168.0,,139.0,172.0,58.0,191.0,176.0,233.0,169.0,67.0,,140.0
2022-11-15,231.0,160.0,137.0,230.0,,143.0,223.0,149.0,60.0,179.0,269.0,168.0,275.0,145.0,140.0,308.0,178.0,181.0,205.0,243.0,114.0,187.0,177.0,57.0,78.0,166.0,114.0,176.0,160.0,217.0,182.0,57.0,,152.0
2022-11-16,182.0,145.0,141.0,251.0,57.0,124.0,228.0,134.0,61.0,170.0,259.0,171.0,274.0,183.0,63.0,261.0,160.0,177.0,242.0,246.0,120.0,206.0,200.0,,135.0,166.0,58.0,146.0,180.0,166.0,168.0,,,143.0
2022-11-17,209.0,146.0,156.0,250.0,,130.0,251.0,144.0,57.0,176.0,257.0,155.0,307.0,170.0,79.0,247.0,106.0,208.0,230.0,259.0,121.0,187.0,185.0,61.0,124.0,161.0,,159.0,178.0,172.0,195.0,114.0,119.0,139.0
2022-11-18,173.0,165.0,168.0,254.0,,130.0,196.0,139.0,117.0,157.0,253.0,169.0,260.0,170.0,70.0,242.0,160.0,215.0,224.0,220.0,60.0,194.0,159.0,57.0,137.0,152.0,,139.0,169.0,179.0,189.0,57.0,,122.0
2022-11-19,185.0,140.0,131.0,188.0,,82.0,213.0,135.0,58.0,176.0,234.0,97.0,266.0,139.0,129.0,265.0,159.0,183.0,181.0,241.0,125.0,188.0,192.0,,140.0,169.0,57.0,165.0,177.0,152.0,163.0,60.0,,139.0
2022-11-20,191.0,146.0,154.0,210.0,,146.0,244.0,67.0,57.0,174.0,240.0,156.0,251.0,163.0,71.0,291.0,185.0,174.0,214.0,288.0,66.0,209.0,184.0,,74.0,176.0,58.0,146.0,187.0,158.0,164.0,60.0,,76.0
2022-11-21,217.0,163.0,139.0,212.0,,136.0,231.0,146.0,115.0,169.0,251.0,159.0,301.0,172.0,128.0,271.0,184.0,158.0,225.0,261.0,128.0,204.0,181.0,57.0,139.0,180.0,57.0,158.0,176.0,154.0,209.0,58.0,,150.0
2022-11-22,182.0,147.0,154.0,196.0,,149.0,257.0,126.0,61.0,169.0,280.0,191.0,269.0,203.0,70.0,244.0,169.0,197.0,182.0,245.0,125.0,253.0,170.0,57.0,143.0,184.0,,160.0,150.0,152.0,180.0,61.0,,159.0
2022-11-23,184.0,149.0,152.0,239.0,57.0,132.0,258.0,140.0,119.0,178.0,270.0,160.0,318.0,213.0,135.0,306.0,172.0,205.0,208.0,215.0,118.0,219.0,197.0,,137.0,164.0,116.0,142.0,175.0,163.0,176.0,57.0,,137.0
2022-11-24,153.0,155.0,161.0,206.0,,142.0,225.0,154.0,69.0,182.0,265.0,178.0,274.0,149.0,127.0,227.0,161.0,189.0,225.0,243.0,128.0,207.0,189.0,57.0,154.0,155.0,57.0,133.0,191.0,180.0,166.0,115.0,,144.0
2022-11-25,177.0,156.0,172.0,216.0,57.0,140.0,223.0,136.0,,170.0,275.0,158.0,287.0,165.0,137.0,217.0,149.0,196.0,202.0,245.0,70.0,183.0,191.0,57.0,139.0,172.0,60.0,146.0,150.0,174.0,178.0,60.0,61.0,128.0
2022-11-26,165.0,143.0,153.0,168.0,,139.0,197.0,76.0,61.0,161.0,235.0,158.0,254.0,147.0,65.0,247.0,145.0,193.0,179.0,247.0,,345.0,186.0,,130.0,155.0,,145.0,143.0,158.0,172.0,57.0,59.0,139.0
2022-11-27,201.0,141.0,76.0,199.0,,139.0,243.0,126.0,115.0,168.0,238.0,175.0,294.0,198.0,118.0,283.0,178.0,205.0,210.0,237.0,65.0,200.0,200.0,57.0,78.0,178.0,,158.0,148.0,180.0,189.0,58.0,57.0,131.0
2022-11-28,190.0,176.0,170.0,216.0,57.0,163.0,254.0,126.0,122.0,185.0,252.0,189.0,280.0,189.0,73.0,257.0,176.0,196.0,221.0,256.0,58.0,238.0,194.0,119.0,132.0,148.0,,146.0,177.0,163.0,208.0,58.0,116.0,144.0
2022-11-29,188.0,138.0,148.0,236.0,,176.0,256.0,158.0,114.0,197.0,255.0,165.0,276.0,189.0,130.0,276.0,169.0,188.0,275.0,233.0,69.0,189.0,181.0,,105.0,169.0,117.0,150.0,201.0,150.0,204.0,115.0,115.0,133.0
2022-11-30,238.0,172.0,142.0,289.0,,150.0,260.0,148.0,138.0,229.0,266.0,215.0,298.0,192.0,155.0,266.0,152.0,223.0,290.0,244.0,65.0,197.0,178.0,57.0,167.0,229.0,,168.0,226.0,221.0,200.0,60.0,,95.0
2022-12-01,199.0,146.0,139.0,266.0,,171.0,259.0,163.0,73.0,246.0,257.0,190.0,301.0,175.0,80.0,285.0,173.0,234.0,246.0,263.0,70.0,212.0,178.0,,159.0,200.0,,138.0,185.0,196.0,252.0,58.0,58.0,135.0
2022-12-02,176.0,138.0,184.0,266.0,,168.0,213.0,158.0,60.0,213.0,252.0,118.0,256.0,203.0,82.0,240.0,172.0,213.0,267.0,220.0,69.0,171.0,211.0,57.0,156.0,189.0,58.0,158.0,189.0,195.0,221.0,,57.0,136.0
2022-12-03,179.0,140.0,131.0,219.0,57.0,152.0,215.0,128.0,,232.0,276.0,179.0,269.0,198.0,138.0,282.0,150.0,253.0,235.0,226.0,57.0,181.0,170.0,,150.0,163.0,,131.0,167.0,158.0,213.0,58.0,,129.0
2022-12-04,231.0,164.0,176.0,223.0,,138.0,220.0,84.0,63.0,217.0,293.0,184.0,281.0,179.0,128.0,325.0,165.0,248.0,223.0,291.0,61.0,183.0,180.0,,144.0,191.0,,146.0,195.0,168.0,201.0,118.0,60.0,73.0
2022-12-05,212.0,160.0,133.0,228.0,,171.0,275.0,135.0,73.0,241.0,254.0,182.0,310.0,160.0,126.0,290.0,171.0,206.0,234.0,230.0,60.0,217.0,181.0,,152.0,180.0,57.0,156.0,159.0,158.0,174.0,63.0,,158.0
2022-12-06,194.0,160.0,154.0,244.0,,139.0,246.0,143.0,57.0,227.0,247.0,169.0,303.0,174.0,76.0,291.0,180.0,209.0,258.0,259.0,70.0,221.0,178.0,,159.0,221.0,57.0,154.0,181.0,165.0,192.0,,59.0,139.0
2022-12-07,197.0,147.0,82.0,239.0,,149.0,237.0,156.0,67.0,224.0,234.0,152.0,294.0,187.0,161.0,257.0,170.0,242.0,235.0,252.0,58.0,200.0,177.0,,150.0,179.0,115.0,167.0,194.0,163.0,163.0,69.0,,147.0
2022-12-08,242.0,164.0,149.0,223.0,,159.0,221.0,137.0,71.0,242.0,260.0,179.0,265.0,217.0,127.0,210.0,169.0,225.0,255.0,253.0,127.0,223.0,174.0,,156.0,172.0,57.0,165.0,181.0,207.0,170.0,66.0,57.0,143.0
2022-12-09,176.0,185.0,78.0,224.0,,146.0,226.0,151.0,66.0,218.0,235.0,189.0,303.0,165.0,132.0,267.0,146.0,191.0,221.0,253.0,124.0,178.0,178.0,,86.0,151.0,60.0,161.0,163.0,186.0,204.0,61.0,,149.0
2022-12-10,197.0,162.0,137.0,205.0,,159.0,194.0,118.0,63.0,216.0,219.0,152.0,280.0,186.0,126.0,292.0,162.0,214.0,211.0,236.0,66.0,167.0,172.0,,140.0,145.0,,162.0,143.0,174.0,209.0,57.0,,147.0
2022-12-11,201.0,150.0,142.0,210.0,,151.0,201.0,145.0,70.0,200.0,252.0,155.0,327.0,201.0,126.0,320.0,130.0,241.0,265.0,287.0,127.0,189.0,173.0,,148.0,169.0,57.0,184.0,157.0,193.0,230.0,66.0,57.0,148.0
2022-12-12,230.0,148.0,147.0,253.0,,119.0,255.0,131.0,124.0,236.0,290.0,202.0,315.0,202.0,156.0,294.0,176.0,239.0,251.0,279.0,132.0,221.0,193.0,,193.0,183.0,57.0,156.0,182.0,260.0,198.0,65.0,,136.0
2022-12-13,180.0,163.0,171.0,233.0,,156.0,230.0,136.0,137.0,250.0,303.0,222.0,321.0,169.0,143.0,288.0,183.0,291.0,255.0,234.0,127.0,225.0,184.0,,155.0,201.0,65.0,150.0,178.0,172.0,199.0,60.0,59.0,153.0
2022-12-14,203.0,171.0,147.0,219.0,,173.0,208.0,71.0,124.0,191.0,261.0,234.0,271.0,169.0,130.0,232.0,169.0,408.0,267.0,247.0,63.0,215.0,159.0,,139.0,148.0,118.0,166.0,180.0,291.0,219.0,61.0,57.0,166.0
2022-12-15,161.0,158.0,155.0,219.0,,182.0,179.0,74.0,115.0,209.0,259.0,232.0,307.0,160.0,156.0,259.0,157.0,234.0,234.0,231.0,120.0,185.0,148.0,57.0,137.0,145.0,58.0,246.0,140.0,196.0,208.0,120.0,,144.0
2022-12-16,165.0,139.0,174.0,263.0,,154.0,171.0,125.0,63.0,194.0,237.0,185.0,244.0,142.0,134.0,203.0,168.0,200.0,239.0,201.0,125.0,170.0,155.0,,87.0,152.0,114.0,152.0,149.0,174.0,204.0,57.0,57.0,95.0
2022-12-17,148.0,122.0,159.0,195.0,,128.0,189.0,63.0,63.0,167.0,225.0,187.0,244.0,159.0,61.0,223.0,158.0,246.0,178.0,216.0,122.0,167.0,169.0,,130.0,139.0,,78.0,143.0,167.0,183.0,57.0,,133.0
2022-12-18,169.0,137.0,155.0,192.0,,128.0,160.0,119.0,124.0,149.0,206.0,195.0,258.0,172.0,71.0,264.0,128.0,190.0,176.0,241.0,65.0,148.0,148.0,,152.0,161.0,114.0,138.0,141.0,132.0,177.0,57.0,120.0,86.0
2022-12-19,177.0,163.0,181.0,226.0,,136.0,180.0,122.0,58.0,161.0,221.0,191.0,246.0,137.0,65.0,252.0,156.0,211.0,214.0,213.0,119.0,177.0,180.0,,139.0,159.0,57.0,143.0,154.0,168.0,225.0,57.0,59.0,156.0
2022-12-20,176.0,141.0,161.0,199.0,,149.0,166.0,130.0,60.0,181.0,244.0,194.0,241.0,150.0,120.0,264.0,145.0,180.0,181.0,197.0,58.0,204.0,160.0,,151.0,165.0,,143.0,145.0,182.0,203.0,63.0,,149.0
2022-12-21,169.0,145.0,159.0,222.0,,82.0,166.0,141.0,79.0,186.0,259.0,192.0,283.0,137.0,126.0,267.0,149.0,209.0,237.0,206.0,58.0,213.0,176.0,,150.0,167.0,114.0,144.0,141.0,172.0,123.0,57.0,,149.0
2022-12-22,178.0,169.0,153.0,230.0,,142.0,215.0,133.0,65.0,197.0,226.0,198.0,254.0,158.0,89.0,273.0,167.0,221.0,225.0,199.0,128.0,178.0,169.0,,143.0,162.0,,154.0,141.0,182.0,205.0,58.0,57.0,141.0
2022-12-23,156.0,157.0,137.0,190.0,,66.0,206.0,119.0,57.0,155.0,222.0,169.0,206.0,80.0,66.0,225.0,132.0,224.0,212.0,180.0,123.0,155.0,162.0,,80.0,157.0,58.0,141.0,133.0,160.0,202.0,58.0,,73.0
2022-12-24,137.0,147.0,118.0,165.0,,124.0,171.0,58.0,58.0,86.0,207.0,159.0,210.0,131.0,114.0,180.0,135.0,201.0,177.0,159.0,126.0,143.0,146.0,,137.0,137.0,,118.0,76.0,144.0,161.0,59.0,,73.0
2022-12-25,135.0,147.0,150.0,208.0,,61.0,159.0,119.0,,87.0,178.0,162.0,210.0,135.0,61.0,200.0,127.0,214.0,186.0,185.0,61.0,165.0,104.0,,138.0,159.0,58.0,140.0,140.0,158.0,185.0,57.0,58.0,137.0
2022-12-26,159.0,154.0,133.0,244.0,,149.0,171.0,132.0,61.0,191.0,197.0,188.0,244.0,141.0,115.0,238.0,139.0,223.0,234.0,204.0,118.0,174.0,581.0,,79.0,174.0,,76.0,133.0,192.0,214.0,57.0,,199.0
2022-12-27,162.0,142.0,135.0,768.0,,162.0,185.0,67.0,58.0,169.0,222.0,207.0,380.0,143.0,80.0,255.0,139.0,221.0,242.0,176.0,117.0,183.0,375.0,,156.0,149.0,,128.0,148.0,164.0,239.0,119.0,,117.0
2022-12-28,171.0,148.0,150.0,727.0,,134.0,172.0,160.0,60.0,173.0,208.0,216.0,247.0,134.0,124.0,257.0,92.0,194.0,223.0,206.0,61.0,163.0,377.0,,152.0,150.0,57.0,128.0,134.0,198.0,169.0,114.0,,165.0
2022-12-29,161.0,159.0,133.0,231.0,,86.0,161.0,124.0,58.0,167.0,203.0,229.0,219.0,146.0,70.0,267.0,156.0,213.0,196.0,208.0,116.0,179.0,848.0,,131.0,141.0,,130.0,158.0,225.0,216.0,58.0,,255.0
2022-12-30,151.0,144.0,137.0,195.0,,130.0,155.0,132.0,57.0,162.0,211.0,151.0,244.0,141.0,138.0,217.0,145.0,224.0,234.0,197.0,60.0,169.0,476.0,57.0,130.0,140.0,,146.0,153.0,181.0,165.0,,,152.0
2022-12-31,141.0,128.0,121.0,164.0,,119.0,168.0,120.0,57.0,137.0,192.0,137.0,185.0,135.0,61.0,178.0,70.0,167.0,223.0,172.0,57.0,147.0,256.0,,119.0,124.0,57.0,130.0,148.0,140.0,145.0,58.0,,123.0
